Age,d18O
0.0,3.158369
1.0,3.158207034162848
2.0,3.1512884896716513
3.0,3.144738027600344
4.0,3.1427863424091766
5.0,3.150330862899084
6.0,3.1730919257574906
7.0,3.2143520800504057
8.0,3.2597649309655017
9.0,3.3249901388185927
10.0,3.418239333968808
11.0,3.5290912388852758
12.0,3.6483147279456545
13.0,3.771847561948199
14.0,3.888135605174983
15.0,3.987879290879892
16.0,4.119285059003389
17.0,4.282325449929342
18.0,4.451714480312974
19.0,4.601252654377333
20.0,4.715938284913761
21.0,4.790913899159449
22.0,4.7946885257353955
23.0,4.7862332549388595
24.0,4.773356537544038
25.0,4.749973755740151
26.0,4.713523841807308
27.0,4.670677956756104
28.0,4.630424732932257
29.0,4.624865174836078
30.0,4.619801657572411
31.0,4.606074937241076
32.0,4.589562874133789
33.0,4.566151161206289
34.0,4.5292994872276555
35.0,4.4930872563729505
36.0,4.471650349438808
37.0,4.454936992949979
38.0,4.430427395403514
39.0,4.402126669995901
40.0,4.374996219277436
41.0,4.3414535664346605
42.0,4.299906080062555
43.0,4.2653013631022425
44.0,4.2552091517552135
45.0,4.2963547667823
46.0,4.352080534884076
47.0,4.375032865445608
48.0,4.3711917646337834
49.0,4.350337637828601
50.0,4.317403669403628
51.0,4.272007925492068
52.0,4.223305720013491
53.0,4.229121950380025
54.0,4.289061396647994
55.0,4.319103792973863
56.0,4.311060242702504
57.0,4.269028659098756
58.0,4.212624154928461
59.0,4.173798120933567
60.0,4.181504871079009
61.0,4.223230092657437
62.0,4.204720042633414
63.0,4.149781760976011
64.0,4.15151181404437
65.0,4.2131092172448925
66.0,4.272032892859037
67.0,4.328658025699568
68.0,4.376570538968265
69.0,4.405273321545579
70.0,4.419781692892264
71.0,4.432611825291095
72.0,4.439819421129093
73.0,4.423900879587022
74.0,4.3767469333730675
75.0,4.311645735257709
76.0,4.239939426441241
77.0,4.157958877073426
78.0,4.090309353134299
79.0,4.044023911835754
80.0,3.986604313407622
81.0,3.946734457978061
82.0,3.938914906052502
83.0,3.8976784004036777
84.0,3.839199176863143
85.0,3.762262711740236
86.0,3.6890126870741056
87.0,3.6429927720343893
88.0,3.647469299457238
89.0,3.7245125910845345
90.0,3.84108149072815
91.0,3.9490316201008686
92.0,4.015228453580261
93.0,4.027264958940219
94.0,3.9123567541199002
95.0,3.861375228354249
96.0,3.8304304230145787
97.0,3.8030652859421736
98.0,3.778971664413052
99.0,3.753172711161886
100.0,3.7211313697817077
101.0,3.689938069076371
102.0,3.6698058669583733
103.0,3.658618422191288
104.0,3.657593510666138
105.0,3.668535088204725
106.0,3.6880938410490485
107.0,3.710192820537153
108.0,3.7333868784162623
109.0,3.7551011131632626
110.0,3.76860976154612
111.0,3.774422664158971
112.0,3.7879348651425695
113.0,3.8042595290984957
114.0,3.9578692820270196
115.0,3.923843031076416
116.0,3.85887936456835
117.0,3.7717389476069254
118.0,3.658389664351797
119.0,3.534912613928925
120.0,3.435197436277717
121.0,3.3407531588939667
122.0,3.2328175261536742
123.0,3.1358797798362765
124.0,3.0760052832395397
125.0,3.0410731292397375
126.0,3.02058898402148
127.0,3.0338590030928594
128.0,3.1266237140231725
129.0,3.282962178971535
130.0,3.468352899434713
131.0,3.676718500559563
132.0,3.889783604855389
133.0,4.0102167554166055
134.0,4.061162476214574
135.0,4.21434913863374
136.0,4.402798723188448
137.0,4.541489677129039
138.0,4.658032487052792
139.0,4.723475503758744
140.0,4.746452714618865
141.0,4.762543737247588
142.0,4.7549873583830635
143.0,4.721159131601087
144.0,4.6800902999690575
145.0,4.6404157003912285
146.0,4.611718540757409
147.0,4.589221354421517
148.0,4.5630207888602285
149.0,4.532816583589601
150.0,4.508395590781803
151.0,4.493391836229532
152.0,4.486022409985346
153.0,4.487246876297361
154.0,4.497417167357094
155.0,4.512408265265917
156.0,4.530439869550862
157.0,4.549101884505843
158.0,4.575290452131403
159.0,4.601656369780675
160.0,4.598453223099443
161.0,4.574000651693866
162.0,4.538628615506568
163.0,4.499336503374615
164.0,4.462038702869845
165.0,4.431947862337079
166.0,4.412833230908998
167.0,4.390894079266423
168.0,4.367604315281264
169.0,4.354327046662603
170.0,4.3504942619517575
171.0,4.317953126869212
172.0,4.257074440324079
173.0,4.2105645136737735
174.0,4.193086032996191
175.0,4.20286863585305
176.0,4.25398386576165
177.0,4.297300549514608
178.0,4.312718128803544
179.0,4.321781786412864
180.0,4.319430742967397
181.0,4.296647231062925
182.0,4.282459345444089
183.0,4.31445304739227
184.0,4.365998568525384
185.0,4.35923130880617
186.0,4.308793680143588
187.0,4.233512796105187
188.0,4.1377987464165
189.0,4.019325897510656
190.0,3.9021578262558965
191.0,3.815546749803329
192.0,3.7732621279566967
193.0,3.7483960986596387
194.0,3.6681435021129216
195.0,3.5660953832731677
196.0,3.47872029473704
197.0,3.4295874433333062
198.0,3.4380337086457624
199.0,3.511011693363581
200.0,3.5902453406461903
201.0,3.6257082068840463
202.0,3.6286425720075894
203.0,3.606355629042333
204.0,3.576950765343754
205.0,3.532841385151619
206.0,3.4706715492299347
207.0,3.4204600543555754
208.0,3.3923671690912416
209.0,3.3796117286544143
210.0,3.3999872665445694
211.0,3.469770151599913
212.0,3.582201146349609
213.0,3.724924910762794
214.0,3.8878141071021592
215.0,4.041369683233504
216.0,4.148490294502531
217.0,4.212368022033121
218.0,4.2570510175483305
219.0,4.275392279651127
220.0,4.254268641586338
221.0,4.202193667520897
222.0,4.147266908907938
223.0,4.109772553726142
224.0,4.078084782216829
225.0,4.037883675711028
226.0,3.9876591495769227
227.0,3.909650159446232
228.0,3.804443119927506
229.0,3.6756424670303454
230.0,3.548018948578287
231.0,3.4489397646675926
232.0,3.37914368956947
233.0,3.348063954080776
234.0,3.3705754110148596
235.0,3.466094131520958
236.0,3.6143781437653018
237.0,3.780436014886479
238.0,3.9468314300822285
239.0,4.093632754793457
240.0,4.199500277027159
241.0,4.268976307145571
242.0,4.334483240428439
243.0,4.3987818413110595
244.0,4.446614749144296
245.0,4.468754771556739
246.0,4.474601941688449
247.0,4.458113900816058
248.0,4.418492700086066
249.0,4.379947199280621
250.0,4.36074631300644
251.0,4.34904863433024
252.0,4.328278925829867
253.0,4.309681484381429
254.0,4.310254356621423
255.0,4.3210248101422835
256.0,4.330086183529845
257.0,4.347552754357273
258.0,4.369298343045562
259.0,4.376836332009245
260.0,4.375618877457636
261.0,4.390874034355414
262.0,4.425959481504083
263.0,4.454629801940792
264.0,4.450728169380528
265.0,4.415369632388822
266.0,4.375470977672226
267.0,4.33726169450136
268.0,4.29108454560023
269.0,4.256396224764794
270.0,4.241370461670438
271.0,4.218076538880177
272.0,4.162294061795596
273.0,4.168171465650837
274.0,4.136019314354977
275.0,4.087117021486182
276.0,4.041105134891924
277.0,4.010892079856049
278.0,4.003430802951078
279.0,4.007519758494381
280.0,4.025958679746946
281.0,4.0810608138326225
282.0,4.151500562356867
283.0,4.202616579449787
284.0,4.235197109863053
285.0,4.244663809490374
286.0,4.234404894453672
287.0,4.213182827678498
288.0,4.1779780113451785
289.0,4.128959996914088
290.0,4.071366713984536
291.0,4.021891759659898
292.0,3.9907058866162513
293.0,3.957715561045708
294.0,3.9157787040885457
295.0,3.88485679866112
296.0,3.8628069473178894
297.0,3.828465479678852
298.0,3.773918123435338
299.0,3.711197098032012
300.0,3.6587746871893545
301.0,3.622500168853097
302.0,3.599153464509293
303.0,3.5796741036818
304.0,3.563422260135459
305.0,3.5496820608621027
306.0,3.5386641164102466
307.0,3.5300415230458864
308.0,3.521475978793672
309.0,3.509681453427381
310.0,3.4929773307563434
311.0,3.4619296745257606
312.0,3.4034186764332053
313.0,3.336531940809605
314.0,3.264439195447405
315.0,3.1975339321211833
316.0,3.151373827848349
317.0,3.119354903738247
318.0,3.0954029294329697
319.0,3.081635874030573
320.0,3.080516256311955
321.0,3.092267728463475
322.0,3.1264531385908554
323.0,3.201474269503193
324.0,3.327204865308468
325.0,3.4790787538157595
326.0,3.6333393595246806
327.0,3.780179247303982
328.0,3.916901684463646
329.0,4.046231965249201
330.0,4.177564111513377
331.0,4.322039704525305
332.0,4.465077153729268
333.0,4.587610423247465
334.0,4.662488185599432
335.0,4.680815742231162
336.0,4.654865932897863
337.0,4.606849890631347
338.0,4.55805173745056
339.0,4.5203890985801385
340.0,4.490783571546773
341.0,4.454540004946717
342.0,4.405026419260086
343.0,4.358686989078028
344.0,4.332049649067194
345.0,4.329811491403792
346.0,4.343214091795504
347.0,4.356711394944211
348.0,4.366666486970914
349.0,4.373912809762628
350.0,4.375413878119818
351.0,4.37285057580122
352.0,4.367586742801284
353.0,4.356634758612059
354.0,4.334469139147583
355.0,4.309466712528941
356.0,4.286039301313658
357.0,4.258088778858221
358.0,4.224695067756513
359.0,4.185292153078811
360.0,4.144464398971389
361.0,4.113477343415481
362.0,4.100613318924037
363.0,4.1046590967176275
364.0,4.1085189995898705
365.0,4.101449562634982
366.0,4.090746595808705
367.0,4.079007290087407
368.0,4.065268797537742
369.0,4.045703635154951
370.0,4.017996694913969
371.0,3.985750391710615
372.0,3.95175158124228
373.0,3.922137953111763
374.0,3.905702415916698
375.0,3.905951840862869
376.0,3.896724966704231
377.0,3.8684589087512378
378.0,3.83747437752691
379.0,3.8138576313823953
380.0,3.783121056271506
381.0,3.7511322477139792
382.0,3.752086580306125
383.0,3.772017177346362
384.0,3.7680906762234154
385.0,3.7391921565049624
386.0,3.6896050864190686
387.0,3.6229334520381364
388.0,3.5616748866962262
389.0,3.5099772747252054
390.0,3.464486233972557
391.0,3.419978546593095
392.0,3.3713725308361884
393.0,3.321098748942602
394.0,3.272314518923618
395.0,3.2159963657511024
396.0,3.1568633785667
397.0,3.1045820557710626
398.0,3.0725966873624406
399.0,3.060238335637546
400.0,3.052243047365138
401.0,3.0535233681262017
402.0,3.0678663951292164
403.0,3.095269309807509
404.0,3.1127892203774383
405.0,3.12176797745212
406.0,3.134728510079445
407.0,3.155256470967088
408.0,3.1847090272671155
409.0,3.2309316660104987
410.0,3.2835009868957434
411.0,3.3367268169001325
412.0,3.387118565442693
413.0,3.4338036970687287
414.0,3.479388839084469
415.0,3.530808299857093
416.0,3.5766839223127325
417.0,3.613276089896062
418.0,3.6469866521023935
419.0,3.6873229468664133
420.0,3.740301501462697
421.0,3.8087813233204395
422.0,3.892692473806991
423.0,3.9874259922977746
424.0,4.087910488150678
425.0,4.198888687014054
426.0,4.328256194013088
427.0,4.464195178855178
428.0,4.593589686644772
429.0,4.708185240199277
430.0,4.799507334505127
431.0,4.8604402466891745
432.0,4.892156991098687
433.0,4.900954709672576
434.0,4.888777827988886
435.0,4.872921789775072
436.0,4.861879705948756
437.0,4.834659228444873
438.0,4.80805025160783
439.0,4.780711158542774
440.0,4.752060925663183
441.0,4.723266041156841
442.0,4.6958638647199695
443.0,4.6666860409263595
444.0,4.6302313019922465
445.0,4.592361866294248
446.0,4.55338726418915
447.0,4.51225511209676
448.0,4.478857486966621
449.0,4.461611938799431
450.0,4.451237884174655
451.0,4.439421101362269
452.0,4.426812684629121
453.0,4.4174424570316075
454.0,4.416660122422254
455.0,4.422220392719841
456.0,4.422997513518211
457.0,4.412616271526658
458.0,4.397185861408409
459.0,4.3818102942939445
460.0,4.36901861248474
461.0,4.361441354655146
462.0,4.356328885101116
463.0,4.349680014643575
464.0,4.3375713154253255
465.0,4.319504118813093
466.0,4.2976901610893155
467.0,4.27362519240262
468.0,4.24706108712881
469.0,4.216558216491295
470.0,4.180614090269878
471.0,4.139711349144122
472.0,4.09653561925916
473.0,4.056162734046166
474.0,4.026397668204689
475.0,4.004574069717862
476.0,3.9966719821962284
477.0,4.003723593659904
478.0,4.013161583580739
479.0,4.014265733701002
480.0,3.9877879514801857
481.0,3.931545702853665
482.0,3.8692868019715148
483.0,3.814510859638857
484.0,3.7799399482004743
485.0,3.761666503283459
486.0,3.738748526469995
487.0,3.701379839867524
488.0,3.663424085159111
489.0,3.6261727513524176
490.0,3.590621749166647
491.0,3.5623791132597926
492.0,3.533306471062277
493.0,3.5050476619799267
494.0,3.4994035075289354
495.0,3.5198708762783544
496.0,3.552694713906325
497.0,3.5839473993764086
498.0,3.605340520640663
499.0,3.6118628521832767
500.0,3.615667282977642
501.0,3.618919393242325
502.0,3.622810625428384
503.0,3.632492257470263
504.0,3.6455165936347447
505.0,3.6602950985783598
506.0,3.6881716447830675
507.0,3.7239546879548917
508.0,3.7574134105289896
509.0,3.7927696164720235
510.0,3.8302585603582293
511.0,3.874122240094036
512.0,3.9237846974031245
513.0,3.9698862532478976
514.0,4.007050974832437
515.0,4.016820079727287
516.0,4.003139881569895
517.0,3.9915760888868266
518.0,3.9818843744132173
519.0,3.964818517877456
520.0,3.945783308551345
521.0,3.9210412617091452
522.0,3.887805358217767
523.0,3.844228193395805
524.0,3.8039056689276713
525.0,3.785956837097609
526.0,3.763553946683388
527.0,3.7388995076142195
528.0,3.738241768824014
529.0,3.756692546970209
530.0,3.788281757584235
531.0,3.8323758093729112
532.0,3.857090519117845
533.0,3.865696051615466
534.0,3.875702774463679
535.0,3.8970191529423874
536.0,3.9257640462570356
537.0,3.9828102206288456
538.0,4.083694362283476
539.0,4.200015431919414
540.0,4.28882852201503
541.0,4.3405906479057155
542.0,4.372636286696431
543.0,4.387713770393212
544.0,4.392993966511295
545.0,4.387615679221745
546.0,4.377179030326789
547.0,4.3694399394192525
548.0,4.363307763469232
549.0,4.3606817694795375
550.0,4.364639933365059
551.0,4.361172160579663
552.0,4.342555120254437
553.0,4.317978756452577
554.0,4.288448322464516
555.0,4.250836143878578
556.0,4.204106379085423
557.0,4.154446135528281
558.0,4.114957013844531
559.0,4.082011122134137
560.0,4.042165217244013
561.0,3.9902669621412286
562.0,3.9291129884671223
563.0,3.879689166959766
564.0,3.843399097329631
565.0,3.804376904334741
566.0,3.7735616676722286
567.0,3.763284629039546
568.0,3.7562431769485927
569.0,3.743897729988504
570.0,3.716960336335314
571.0,3.659866560479493
572.0,3.5717574915445467
573.0,3.475919735594904
574.0,3.3940697146445524
575.0,3.3350989673456946
576.0,3.3071642928169664
577.0,3.3064594592980456
578.0,3.332665728944573
579.0,3.3930162386057354
580.0,3.4982053347133393
581.0,3.645583725560189
582.0,3.8061076191633343
583.0,3.9407821993187238
584.0,4.025750771007099
585.0,4.0700071645422735
586.0,4.091056757258303
587.0,4.085373774399811
588.0,4.058419323997519
589.0,4.0150546520818065
590.0,3.9647608268276726
591.0,3.915193567176482
592.0,3.8696752219568844
593.0,3.8361739004442557
594.0,3.8183157875558034
595.0,3.806232682423288
596.0,3.80470782064728
597.0,3.822364275741317
598.0,3.844876928081404
599.0,3.857419286698503
600.0,3.8578968473891684
601.0,3.84709184938399
602.0,3.812990055980287
603.0,3.758624082799122
604.0,3.701715008163825
605.0,3.656780357492205
606.0,3.6193103944259595
607.0,3.575683088780077
608.0,3.5177583730248294
609.0,3.4545286714470227
610.0,3.401359939308653
611.0,3.37119321741734
612.0,3.370874768049747
613.0,3.3949134729650545
614.0,3.4310709010799987
615.0,3.4843212958815823
616.0,3.561772159615084
617.0,3.6462814480763126
618.0,3.7255777175135756
619.0,3.8015286214295965
620.0,3.8814057920479694
621.0,3.971251701718934
622.0,4.075966898027731
623.0,4.201957393248749
624.0,4.342662000745337
625.0,4.481221014881363
626.0,4.604568273089758
627.0,4.7119403790144885
628.0,4.801394717094553
629.0,4.86059277311062
630.0,4.88073174880307
631.0,4.861747828859036
632.0,4.828241695642693
633.0,4.789983653348483
634.0,4.764130168205312
635.0,4.7551375658825075
636.0,4.743769992558062
637.0,4.7259948904248095
638.0,4.7095184156779615
639.0,4.6900777518374195
640.0,4.670502783447057
641.0,4.6517072796801076
642.0,4.632845553407818
643.0,4.612296014771848
644.0,4.582196072299722
645.0,4.546380980275655
646.0,4.516758340322844
647.0,4.499105819035969
648.0,4.490696738471726
649.0,4.489411748822011
650.0,4.492863900817716
651.0,4.495688757062985
652.0,4.493973664374141
653.0,4.485398762020982
654.0,4.463251579939686
655.0,4.429158942829081
656.0,4.399524135046261
657.0,4.385875175003949
658.0,4.383939265496932
659.0,4.38247046242972
660.0,4.376817460703806
661.0,4.364126864013875
662.0,4.344733369174276
663.0,4.331497423153218
664.0,4.3255950692320555
665.0,4.3214484699925215
666.0,4.314294848491576
667.0,4.305590329752316
668.0,4.297999099745771
669.0,4.284605941340029
670.0,4.264292771680908
671.0,4.239564402611229
672.0,4.211627709978915
673.0,4.180100187335067
674.0,4.146123470140891
675.0,4.113029309405689
676.0,4.081799092447512
677.0,4.049646532332137
678.0,4.015720029801579
679.0,3.7788564953987107
680.0,3.7561766515528436
681.0,3.75363501075541
682.0,3.748649896625467
683.0,3.7410095543085045
684.0,3.729239015367735
685.0,3.710695445567177
686.0,3.6841739398324105
687.0,3.6510613770885327
688.0,3.615131242944586
689.0,3.581645677943366
690.0,3.5552716220946974
691.0,3.535257418338899
692.0,3.5225673935654216
693.0,3.515758334616558
694.0,3.5155549581489622
695.0,3.522799638416136
696.0,3.538055145105235
697.0,3.5611993959651214
698.0,3.5866919473945895
699.0,3.605937791248655
700.0,3.6127314800103396
701.0,3.6085044109178352
702.0,3.6042330269849248
703.0,3.6095352600088804
704.0,3.622558108275787
705.0,3.6439550712477686
706.0,3.665546330753439
707.0,3.6834974623875874
708.0,3.699624196943611
709.0,3.719929660701932
710.0,3.7453110930902054
711.0,3.772760284649458
712.0,3.8033735371656867
713.0,3.835656403308902
714.0,3.8721058238004424
715.0,3.9205028104170943
716.0,3.9827937654339385
717.0,4.047097007168962
718.0,4.095174678001187
719.0,4.12617088644274
720.0,4.138792727265028
721.0,4.143798499255378
722.0,4.4082963409776745
723.0,4.351332033795719
724.0,4.291818081490816
725.0,4.230955967944914
726.0,4.1651509090956145
727.0,4.101892054271086
728.0,4.0465903623645705
729.0,3.995882387422969
730.0,3.95243097597567
731.0,3.9326935217385346
732.0,3.9295594427986122
733.0,3.9347629571192235
734.0,3.94549319162773
735.0,3.9717232949339305
736.0,4.003944038458991
737.0,4.036863616057101
738.0,4.06911722927566
739.0,4.080023516604687
740.0,4.078989477413876
741.0,4.091993559916249
742.0,4.138568985210839
743.0,4.226340890371981
744.0,4.333792590828785
745.0,4.410969254487844
746.0,4.429781148552121
747.0,4.404580055091257
748.0,4.363966716398126
749.0,4.334095462572049
750.0,4.313656015217082
751.0,4.297049032016108
752.0,4.282953513466956
753.0,4.2478358774252465
754.0,4.194613003633733
755.0,4.135022254117776
756.0,4.0806665568889455
757.0,4.0341904280489915
758.0,3.9895693493823976
759.0,3.943145547946856
760.0,3.9090264179265604
761.0,3.89068277639298
762.0,3.882489766024775
763.0,3.8751624586609905
764.0,3.8720783851452274
765.0,3.880507528358183
766.0,3.8714201874001235
767.0,3.824256870058278
768.0,3.755373688593177
769.0,3.6876099791687453
770.0,3.6332047439551802
771.0,3.5862384638875353
772.0,3.5437475131193414
773.0,3.499334723661513
774.0,3.4545536826478656
775.0,3.4336638810492115
776.0,3.4282777229596024
777.0,3.4137186956775043
778.0,3.397204196091874
779.0,3.3817869246744015
780.0,3.375575939430142
781.0,3.383813136419246
782.0,3.4002294687404087
783.0,3.435989748039935
784.0,3.501524157068495
785.0,3.5932186227611678
786.0,3.704494455585759
787.0,3.8201524387585764
788.0,3.926885903817043
789.0,4.033700129769699
790.0,4.160512123346231
791.0,4.30066027941341
792.0,4.414297330789445
793.0,4.474100592293259
794.0,4.496624396779735
795.0,4.499260753007138
796.0,4.486226866876445
797.0,4.455779426696824
798.0,4.4145787488675445
799.0,4.383572631396241
800.0,4.363938002094208
801.0,4.347220447680771
802.0,4.3207824469981135
803.0,4.2864143671134185
804.0,4.24953991115177
805.0,4.2052283598832725
806.0,4.16018570556541
807.0,4.125982349297485
808.0,4.08702137647309
809.0,4.033222468566338
810.0,3.977275049542527
811.0,3.93077308571679
812.0,3.8838139995943965
813.0,3.826108220251285
814.0,3.7637077245803234
815.0,3.718199814017303
816.0,3.682926285103509
817.0,3.6517390524422226
818.0,3.6250352178968246
819.0,3.618389011800807
820.0,3.6474726863895905
821.0,3.699385081939713
822.0,3.7725893595997064
823.0,3.8455772912728095
824.0,3.8772427981605024
825.0,3.8654718570102378
826.0,3.8358373269250112
827.0,3.807251588768847
828.0,3.784526295559884
829.0,3.7634855147026776
830.0,3.7369414525317985
831.0,3.7149903716203054
832.0,3.7023908242901267
833.0,3.7064655352706586
834.0,3.728547015813417
835.0,3.748303281221661
836.0,3.736925961263979
837.0,3.708011350119047
838.0,3.6873161951657636
839.0,3.6698478221815507
840.0,3.6394906685386625
841.0,3.597563970890403
842.0,3.561678633940354
843.0,3.5375105252948997
844.0,3.5083134776137905
845.0,3.464962499323685
846.0,3.42229596779507
847.0,3.40300874732608
848.0,3.4223404589773043
849.0,3.473571809729252
850.0,3.5194273243885306
851.0,3.546972191186912
852.0,3.5419846843246954
853.0,3.512719765478633
854.0,3.4781523680106754
855.0,3.4426659626369096
856.0,3.4060827152772384
857.0,3.369075649732816
858.0,3.3371090054219064
859.0,3.3200315231712576
860.0,3.323129064908793
861.0,3.3419898851489545
862.0,3.37102488973989
863.0,3.4129369441008195
864.0,3.476964184859798
865.0,3.5702762652139457
866.0,3.698010465209994
867.0,3.854917750575477
868.0,4.012061711002151
869.0,4.148656217676775
870.0,4.26415264094159
871.0,4.3653201540433235
872.0,4.452161415183573
873.0,4.5182033634155525
874.0,4.5596245902861625
875.0,4.5779880098813175
876.0,4.565551642207037
877.0,4.541436481706265
878.0,4.5134235280552
879.0,4.478073928114321
880.0,4.440682322501008
881.0,4.409564960412335
882.0,4.3873885038355676
883.0,4.371417015706647
884.0,4.357046823190121
885.0,4.340423164369214
886.0,4.325128756893376
887.0,4.319202148992798
888.0,4.318808407292975
889.0,4.3167013876475036
890.0,4.302974440814005
891.0,4.284697367715903
892.0,4.261141004045365
893.0,4.233420860291855
894.0,4.198630907773992
895.0,4.155400993216564
896.0,4.110873616925595
897.0,4.070911843728537
898.0,4.02939176051511
899.0,3.9835592545587
900.0,3.945878929796525
901.0,3.924142876434199
902.0,3.9128936576350295
903.0,3.9077486559675814
904.0,3.9057905539057085
905.0,3.9132092245061174
906.0,3.9225653708626735
907.0,3.9213586703150267
908.0,3.908461180627731
909.0,3.8935961219776076
910.0,3.883297457084448
911.0,3.8819090378969126
912.0,3.886771860494664
913.0,3.9030080987494076
914.0,3.9304057099714864
915.0,3.981453662060402
916.0,4.059544712207249
917.0,4.156483868449076
918.0,4.25260725550642
919.0,4.331613553413227
920.0,4.3747348667012265
921.0,4.382815375065467
922.0,4.346341141397159
923.0,4.284164879753933
924.0,4.22099757815185
925.0,4.159584405439466
926.0,4.110757079561961
927.0,4.07540493192006
928.0,4.031155067031169
929.0,3.986065227324827
930.0,3.94269891038724
931.0,3.8930831292827985
932.0,3.842681089191758
933.0,3.8060157844546936
934.0,3.7738972920482894
935.0,3.7394723633550218
936.0,3.6945487708033853
937.0,3.6449463342764523
938.0,3.6153095437468616
939.0,3.5988945454084598
940.0,3.5814829419351244
941.0,3.5556049753897456
942.0,3.516750778579905
943.0,3.468565987911523
944.0,3.4211752958264574
945.0,3.381057887700559
946.0,3.348792796257502
947.0,3.322145713741888
948.0,3.2948869316105065
949.0,3.265578260264972
950.0,3.2469983250459378
951.0,3.23931767187852
952.0,3.224814560956723
953.0,3.2050171522499187
954.0,3.192154257046407
955.0,3.194096576192604
956.0,3.195407750854261
957.0,3.1938452303490066
958.0,3.2030220938581455
959.0,3.259872351724988
960.0,3.395738018642634
961.0,3.594161280335168
962.0,3.792424019298971
963.0,3.9576504779574373
964.0,4.086299729693729
965.0,4.17495135392212
966.0,4.2303627314058225
967.0,4.257445972579177
968.0,4.2547109910946315
969.0,4.222835248670763
970.0,4.17279471601504
971.0,4.11789015012153
972.0,4.050305203022445
973.0,3.9766414321278467
974.0,3.90295740383526
975.0,3.836417058880839
976.0,3.789790698420271
977.0,3.7556669036958357
978.0,3.72519243962666
979.0,3.6960514056119624
980.0,3.666122527393342
981.0,3.63734436430615
982.0,3.618331022875532
983.0,3.6159596023823366
984.0,3.644019194879728
985.0,3.7097823031090416
986.0,3.8027776756666056
987.0,3.88034911589761
988.0,3.927675866414312
989.0,3.962682910123041
990.0,3.9975862610382746
991.0,4.014074096876883
992.0,4.001687222557386
993.0,3.9679359739649924
994.0,3.926327212215299
995.0,3.884852187076529
996.0,3.843471840085266
997.0,3.8104107529243074
998.0,3.7807750935907247
999.0,3.753768937121505
1000.0,3.7211630304446826
1001.0,3.6833303703069147
1002.0,3.6569264572357256
1003.0,3.6493841629175168
1004.0,3.659554675466244
1005.0,3.680684303182265
1006.0,3.719801600033254
1007.0,3.8117870679978387
1008.0,3.9468943906510123
1009.0,4.057310559601479
1010.0,4.106499113147426
1011.0,4.109729185635639
1012.0,4.081998363903957
1013.0,4.039402555090372
1014.0,4.004662451687245
1015.0,3.971691537318777
1016.0,3.936215501599305
1017.0,3.8985604598253025
1018.0,3.865912131909888
1019.0,3.8206541521388253
1020.0,3.768051725333051
1021.0,3.726283786129581
1022.0,3.696983030611304
1023.0,3.6843869414599317
1024.0,3.701429357132637
1025.0,3.699359627712229
1026.0,3.6646897552932796
1027.0,3.615442644875959
1028.0,3.5603464476282998
1029.0,3.510879853768308
1030.0,3.4866890244617315
1031.0,3.5018058822439455
1032.0,3.5382352430276915
1033.0,3.5689767813731383
1034.0,3.595765761185112
1035.0,3.627710323923359
1036.0,3.6751124263758554
1037.0,3.743872948888236
1038.0,3.841241621823928
1039.0,3.9596428565530033
1040.0,4.069694471371623
1041.0,4.142157582554476
1042.0,4.1847811100585535
1043.0,4.218584330186095
1044.0,4.236806035205724
1045.0,4.233878156613237
1046.0,4.223086674671648
1047.0,4.219476598480622
1048.0,4.217414800574238
1049.0,4.2047942090519115
1050.0,4.184678801802076
1051.0,4.1647198503202185
1052.0,4.139789518407109
1053.0,4.105297569979657
1054.0,4.071985544048985
1055.0,4.046143075346539
1056.0,4.025727726460559
1057.0,4.008669464813826
1058.0,3.9867862659600792
1059.0,3.946387934807064
1060.0,3.8874386802051544
1061.0,3.820052502206232
1062.0,3.7544095343174337
1063.0,3.6977450242636536
1064.0,3.645775703075439
1065.0,3.590192542877515
1066.0,3.527469426803537
1067.0,3.4589737112524355
1068.0,3.3889273819951007
1069.0,3.3266156959560056
1070.0,3.2804630375544344
1071.0,3.249039265855052
1072.0,3.226960482605143
1073.0,3.2046937129264843
1074.0,3.176543339872341
1075.0,3.1507302131923947
1076.0,3.1389071209731014
1077.0,3.1471782295536337
1078.0,3.1670610584625427
1079.0,3.1986009055956908
1080.0,3.2485640950132546
1081.0,3.3069432667184295
1082.0,3.361213948877484
1083.0,3.406755344277103
1084.0,3.44711903932893
1085.0,3.486921613705332
1086.0,3.518905228112975
1087.0,3.5318289811303143
1088.0,3.54299778419172
1089.0,3.557142006578512
1090.0,3.5667158910799244
1091.0,3.581023697107648
1092.0,3.5968523142777045
1093.0,3.6155956637140316
1094.0,3.6415347747754923
1095.0,3.678026777951534
1096.0,3.7146981951510036
1097.0,3.7368427556369395
1098.0,3.7558081756334585
1099.0,3.7807965041956786
1100.0,3.8026812516308865
1101.0,3.831359916898843
1102.0,3.8578569671343756
1103.0,3.8878374088761993
1104.0,3.918493839317847
1105.0,3.9400284815068995
1106.0,3.9513963065083435
1107.0,3.9509580192895997
1108.0,3.943976147516988
1109.0,3.9344014276507333
1110.0,3.9201495253068424
1111.0,3.8947820174325303
1112.0,3.8446579794381788
1113.0,3.777283089564822
1114.0,3.7222674049649993
1115.0,3.684595237301387
1116.0,3.660881086863304
1117.0,3.642096050149306
1118.0,3.629442071031565
1119.0,3.6322254211265306
1120.0,3.6504749902492346
1121.0,3.6807086909517
1122.0,3.7222014726342736
1123.0,3.764441713270296
1124.0,3.803280683120963
1125.0,3.838788701748116
1126.0,3.8801344931278465
1127.0,3.9280149275952403
1128.0,3.9819911288839758
1129.0,4.037304188455934
1130.0,4.08634368362037
1131.0,4.1258831614670575
1132.0,4.161571320994055
1133.0,4.200469602384393
1134.0,4.235850333826307
1135.0,4.2549011528680065
1136.0,4.246946107595274
1137.0,4.214461368568083
1138.0,4.187482702763688
1139.0,4.149698165221775
1140.0,4.093308590576324
1141.0,4.0310516754606
1142.0,3.9660632140115006
1143.0,3.9008213393885045
1144.0,3.842513558561893
1145.0,3.803416698123998
1146.0,3.7942091772469655
1147.0,3.8062239008903775
1148.0,3.810790757559847
1149.0,3.7914839987985745
1150.0,3.760703330310187
1151.0,3.730898707827683
1152.0,3.7072243196360133
1153.0,3.702667915141493
1154.0,3.694678097559526
1155.0,3.657605415109631
1156.0,3.61051781220714
1157.0,3.572479625211041
1158.0,3.546194851323249
1159.0,3.5207801585286114
1160.0,3.4925987822163687
1161.0,3.4686308774071875
1162.0,3.4539392059385308
1163.0,3.442005524328193
1164.0,3.4309542379411497
1165.0,3.4173657846438874
1166.0,3.408277751016868
1167.0,3.406485477697716
1168.0,3.40046278503096
1169.0,3.3970512811360836
1170.0,3.395362031580359
1171.0,3.3866207550792238
1172.0,3.386951673827709
1173.0,3.405325635209656
1174.0,3.431470359353299
1175.0,3.451498357569613
1176.0,3.469351240756603
1177.0,3.48439015606194
1178.0,3.4859722567878464
1179.0,3.4776757651667722
1180.0,3.476510119440805
1181.0,3.489404013825734
1182.0,3.499842227109034
1183.0,3.506960955843159
1184.0,3.5203417217812674
1185.0,3.5308541084490073
1186.0,3.5335708073234597
1187.0,3.536779450135113
1188.0,3.539536857885374
1189.0,3.5442726035233294
1190.0,3.5486825816426513
1191.0,3.551964336250768
1192.0,3.5599822892132744
1193.0,3.5911197879377394
1194.0,3.6566099555501546
1195.0,3.7647460968938034
1196.0,3.891869169181013
1197.0,4.0038027330385235
1198.0,4.09151219969616
1199.0,4.151728102136435
1200.0,4.203199849240827
1201.0,4.255330997072512
1202.0,4.306676641316066
1203.0,4.340748541607705
1204.0,4.355206820415655
1205.0,4.3505912438231364
1206.0,4.330321195569817
1207.0,4.305483935302901
1208.0,4.285298389747498
1209.0,4.2709245334935435
1210.0,4.261928175786199
1211.0,4.258790173305264
1212.0,4.233136612386591
1213.0,4.184243204898498
1214.0,4.126562259703602
1215.0,4.070121847820214
1216.0,4.013975672667397
1217.0,3.9595358819599284
1218.0,3.9124267773405683
1219.0,3.881707502325946
1220.0,3.8732698770007565
1221.0,3.884524040656948
1222.0,3.9049185070614776
1223.0,3.9163847217013563
1224.0,3.915320870291083
1225.0,3.9044483345842718
1226.0,3.8871960716871006
1227.0,3.8614163379759647
1228.0,3.816596655632601
1229.0,3.7429979860134126
1230.0,3.6518517644767448
1231.0,3.571165561750093
1232.0,3.505793175323388
1233.0,3.4485032321816194
1234.0,3.3893587260133056
1235.0,3.327734548404749
1236.0,3.274073228031637
1237.0,3.2375805698590585
1238.0,3.2197434484228458
1239.0,3.211319735125265
1240.0,3.20771021197104
1241.0,3.2035274596295404
1242.0,3.1955523214817108
1243.0,3.1872559930511
1244.0,3.1764274892783364
1245.0,3.168326988609494
1246.0,3.1768096823522622
1247.0,3.221158672938389
1248.0,3.3070489095724693
1249.0,3.4354792562259955
1250.0,3.5975545904756707
1251.0,3.7816025011519523
1252.0,3.9544150945016
1253.0,4.087738271690199
1254.0,4.173232620107726
1255.0,4.231483209511571
1256.0,4.271217153830078
1257.0,4.2865273178588925
1258.0,4.261747567086287
1259.0,4.2195388377714504
1260.0,4.169401713031573
1261.0,4.108169199420167
1262.0,4.051201382214589
1263.0,4.013046773359118
1264.0,3.9943304949790965
1265.0,3.9775239928249455
1266.0,3.951936624241679
1267.0,3.9157578813510936
1268.0,3.878443132193321
1269.0,3.8317470535141336
1270.0,3.7755067000029956
1271.0,3.7215523261406567
1272.0,3.6739591793256396
1273.0,3.6340355797812487
1274.0,3.5929185462776876
1275.0,3.5530246204396265
1276.0,3.529281139771082
1277.0,3.5191714042948283
1278.0,3.510891441487284
1279.0,3.5010640334880287
1280.0,3.4940240275741856
1281.0,3.4954908104703897
1282.0,3.509124148106576
1283.0,3.5369433695172
1284.0,3.584014541101184
1285.0,3.651405713022595
1286.0,3.729079890412621
1287.0,3.802262631639633
1288.0,3.871998057176861
1289.0,3.9452699112200578
1290.0,4.023491382524269
1291.0,4.092121676806691
1292.0,4.1231721101710574
1293.0,4.112824729340791
1294.0,4.079630215021765
1295.0,4.049155716789978
1296.0,4.033493179850648
1297.0,4.014820185658125
1298.0,3.9915337077811714
1299.0,3.9616925866559
1300.0,3.92915431975273
1301.0,3.8978768910070785
1302.0,3.8677963819837897
1303.0,3.8353642509569514
1304.0,3.801593672398608
1305.0,3.780264805822472
1306.0,3.765847568848715
1307.0,3.7435387906227007
1308.0,3.7059826605668573
1309.0,3.661283729052252
1310.0,3.615915949169581
1311.0,3.570746814960663
1312.0,3.5380380460867533
1313.0,3.516116826655286
1314.0,3.4944210889923593
1315.0,3.470053484055385
1316.0,3.446468828805072
1317.0,3.4294476162635927
1318.0,3.4234689051109157
1319.0,3.4350518961645897
1320.0,3.4697706186298345
1321.0,3.5104963279410986
1322.0,3.555063923951053
1323.0,3.604557189385579
1324.0,3.651449890242284
1325.0,3.6908001050664523
1326.0,3.734773216685941
1327.0,3.786697575391556
1328.0,3.840162756548499
1329.0,3.884006628348869
1330.0,3.9099312457236057
1331.0,3.9291092860455055
1332.0,3.9455886617584994
1333.0,3.959984551653707
1334.0,3.9697807324790766
1335.0,3.9740300131326523
1336.0,3.978447938979912
1337.0,3.986309293366757
1338.0,4.0011249833438445
1339.0,4.014995472988522
1340.0,4.02790828793478
1341.0,4.034513319594408
1342.0,4.032445498822066
1343.0,4.019727197345271
1344.0,3.9924984829441246
1345.0,3.9479181367374045
1346.0,3.8908393590445334
1347.0,3.8185420643733123
1348.0,3.745750280888184
1349.0,3.679766795752728
1350.0,3.6135354068678858
1351.0,3.5416074480960074
1352.0,3.4657941424071175
1353.0,3.3942697877242347
1354.0,3.3351359630821995
1355.0,3.2840334038140813
1356.0,3.2503870883670443
1357.0,3.2302438837123777
1358.0,3.218384806198954
1359.0,3.2124497853695253
1360.0,3.211094692427074
1361.0,3.2137519027812815
1362.0,3.2248758534954662
1363.0,3.245690997264238
1364.0,3.2778813459259113
1365.0,3.3258189450091975
1366.0,3.386561706519182
1367.0,3.454986933974817
1368.0,3.532291579604305
1369.0,3.6146487561564955
1370.0,3.6819760411129985
1371.0,3.721375730847377
1372.0,3.7498819319682544
1373.0,3.778923176475482
1374.0,3.8125941706910176
1375.0,3.8478393246523326
1376.0,3.8956747116348316
1377.0,3.9334534038357334
1378.0,3.9638139279682583
1379.0,3.98249720957567
1380.0,3.987590055206225
1381.0,4.000695743088543
1382.0,4.029332813409881
1383.0,4.060819741164625
1384.0,4.078730990222794
1385.0,4.0723391187893085
1386.0,4.036074271658842
1387.0,3.7624312937752924
1388.0,3.722405144459117
1389.0,3.6919727561856863
1390.0,3.6725187472417637
1391.0,3.6582882959202028
1392.0,3.645944073465125
1393.0,3.6269180080008594
1394.0,3.5977598207066057
1395.0,3.5676156862414077
1396.0,3.5432171019579872
1397.0,3.5205697579529422
1398.0,3.496704410946754
1399.0,3.478146385418574
1400.0,3.4622665306495093
1401.0,3.450793571508111
1402.0,3.4432452792964634
1403.0,3.4349522465192184
1404.0,3.431012726630367
1405.0,3.432722503137649
1406.0,3.4416108435722976
1407.0,3.4582634784475905
1408.0,3.483778911676481
1409.0,3.525479339325528
1410.0,3.5706931649725853
1411.0,3.6144712170548323
1412.0,3.656522484028032
1413.0,3.700617027238015
1414.0,3.74677152628364
1415.0,3.785124168030664
1416.0,3.813161263134668
1417.0,3.833506956763415
1418.0,3.846067524838653
1419.0,3.851628733669743
1420.0,3.8460211907760313
1421.0,3.8242595190095714
1422.0,3.7967385063796018
1423.0,3.7769219018470563
1424.0,3.767979423708536
1425.0,3.7648870404483246
1426.0,3.822042160220383
1427.0,3.859900041139926
1428.0,3.808972699677077
1429.0,3.76169140010179
1430.0,3.717747828145129
1431.0,3.668562409132769
1432.0,3.61346721531017
1433.0,3.5489108466032073
1434.0,3.4795659922683395
1435.0,3.418016759942411
1436.0,3.3668418078071625
1437.0,3.3245202444910835
1438.0,3.2929379304399755
1439.0,3.2719128356769294
1440.0,3.2576404524164344
1441.0,3.2460998445720293
1442.0,3.236905890215826
1443.0,3.2311878615030807
1444.0,3.226175837388814
1445.0,3.224327579768041
1446.0,3.22160782398499
1447.0,3.2170443061864344
1448.0,3.2129216979309843
1449.0,3.210822226476985
1450.0,3.2099574120415104
1451.0,3.210125281311654
1452.0,3.209280753856128
1453.0,3.208213059973966
1454.0,3.204524773272651
1455.0,3.199622258934258
1456.0,3.197908793295837
1457.0,3.2044333356572317
1458.0,3.234570956595583
1459.0,3.3015425364630393
1460.0,3.402556877576651
1461.0,3.530815765133675
1462.0,3.6763998431931832
1463.0,3.8266057202612407
1464.0,3.9618032217469703
1465.0,4.059921901487351
1466.0,4.128664485408064
1467.0,4.170454164147109
1468.0,4.181933022406839
1469.0,4.171494300636776
1470.0,4.1506558826597955
1471.0,4.12233246342425
1472.0,4.082031558152649
1473.0,4.025989038604975
1474.0,3.9567793285953186
1475.0,3.8837372029150834
1476.0,3.812476725636883
1477.0,3.7417285146771344
1478.0,3.6751845472982887
1479.0,3.6169419891678998
1480.0,3.5639882789069772
1481.0,3.5140844506081557
1482.0,3.468002175647486
1483.0,3.4292976207721497
1484.0,3.395924728296676
1485.0,3.3658322196288943
1486.0,3.340014285616092
1487.0,3.318636554612287
1488.0,3.303995157439458
1489.0,3.2996796126913615
1490.0,3.3058446398575905
1491.0,3.31108183470225
1492.0,3.306638315999648
1493.0,3.2969213355649436
1494.0,3.2872498120055904
1495.0,3.276665100169084
1496.0,3.2703772465630743
1497.0,3.2687813179993817
1498.0,3.2683405076221774
1499.0,3.2781162262590047
1500.0,3.3255284457267527
1501.0,3.4254869503202063
1502.0,3.5638200223893173
1503.0,3.718197068158688
1504.0,3.868225724691214
1505.0,3.996988717829528
1506.0,4.09548058839598
1507.0,4.159945123700874
1508.0,4.1942797519294155
1509.0,4.206621213585135
1510.0,4.202311898498828
1511.0,4.189050389700808
1512.0,4.169011185877488
1513.0,4.147927622861934
1514.0,4.125945459818982
1515.0,4.098499850001268
1516.0,4.05744708371059
1517.0,4.003037057710806
1518.0,3.943935554138198
1519.0,3.8850278402657996
1520.0,3.826694660897964
1521.0,3.7672972401508433
1522.0,3.715150867044761
1523.0,3.677749526397996
1524.0,3.651367711362987
1525.0,3.6313550431460704
1526.0,3.616991360891599
1527.0,3.6065089988718033
1528.0,3.601723161914917
1529.0,3.6036204412113975
1530.0,3.607176947672738
1531.0,3.6125591226071117
1532.0,3.6266326028115596
1533.0,3.651554543620335
1534.0,3.6914928437348147
1535.0,3.747144122751665
1536.0,3.8152406484792927
1537.0,3.884722181518852
1538.0,3.9520633767823568
1539.0,4.024916730141961
1540.0,4.103225798008297
1541.0,4.1771512318206625
1542.0,4.234331350405529
1543.0,4.267226559249269
1544.0,4.284141155349825
1545.0,4.292148635643539
1546.0,4.295597746678055
1547.0,4.297250820300374
1548.0,4.291175339861133
1549.0,4.269751981021417
1550.0,4.232486659498005
1551.0,4.183354992927361
1552.0,4.126195221966131
1553.0,4.065326628934847
1554.0,4.008385704141997
1555.0,3.9606368533198664
1556.0,3.9184956452401107
1557.0,3.8803407238953422
1558.0,3.8462771904721804
1559.0,3.81792437015727
1560.0,3.7967584970978
1561.0,3.7797087353544447
1562.0,3.762463383848392
1563.0,3.746930517407438
1564.0,3.735645562412935
1565.0,3.725215402480375
1566.0,3.7135449243546983
1567.0,3.7014341314665398
1568.0,3.6905319093415767
1569.0,3.679653136930122
1570.0,3.6673042513058056
1571.0,3.651435056223732
1572.0,3.6341986344667174
1573.0,3.6163837667893386
1574.0,3.599514297516407
1575.0,3.5849936145927557
1576.0,3.572554020662949
1577.0,3.567553648075023
1578.0,3.5715911418206185
1579.0,3.5854406908808514
1580.0,3.608416479088595
1581.0,3.639907471974586
1582.0,3.680779126787252
1583.0,3.735388570911738
1584.0,3.804050480456235
1585.0,3.879803846089141
1586.0,3.9535490927094927
1587.0,4.019051795278394
1588.0,4.072102335655856
1589.0,4.109507581790119
1590.0,4.126553417312253
1591.0,4.117529728401555
1592.0,4.09115823560863
1593.0,4.0547800027383465
1594.0,4.013164993642041
1595.0,3.9689680795226154
1596.0,3.9244942998092824
1597.0,3.886708698139166
1598.0,3.851825020362642
1599.0,3.8191321438342114
1600.0,3.791446406167091
1601.0,3.7700656289159364
1602.0,3.7536461465779483
1603.0,3.739346731039893
1604.0,3.7331428577664476
1605.0,3.7301595469691535
1606.0,3.7282606726485596
1607.0,3.725325993723902
1608.0,3.7177782616688777
1609.0,3.706108292848492
1610.0,3.692857192181812
1611.0,3.67795919153117
1612.0,3.6605112380920866
1613.0,3.640593328064433
1614.0,3.6183002376188695
1615.0,3.593230601434473
1616.0,3.565873987311962
1617.0,3.539539803092766
1618.0,3.5098120060813627
1619.0,3.4806324617530415
1620.0,3.45440987681596
1621.0,3.4334833830855076
1622.0,3.4200728752671483
1623.0,3.4137607573779603
1624.0,3.415976950239714
1625.0,3.4270797429141218
1626.0,3.446020278071069
1627.0,3.470919780969569
1628.0,3.4990531504658873
1629.0,3.528893755621427
1630.0,3.5587956647176315
1631.0,3.583997572399038
1632.0,3.605921967316171
1633.0,3.6265313684060936
1634.0,3.6466733483891725
1635.0,3.6644201294506042
1636.0,3.677219501183971
1637.0,3.6905240332433666
1638.0,3.700949587185224
1639.0,3.7067394065865544
1640.0,3.706701094039945
1641.0,3.699461891165408
1642.0,3.687082226643759
1643.0,3.673662214528387
1644.0,3.6612868660793754
1645.0,3.6493450421379787
1646.0,3.6429788395637526
1647.0,3.644357979420644
1648.0,3.65230573249277
1649.0,3.661140606293178
1650.0,3.665756980799554
1651.0,3.6589913128170135
1652.0,3.638621157583637
1653.0,3.6104866287483666
1654.0,3.5774994599470253
1655.0,3.5432031832351543
1656.0,3.5138833338832143
1657.0,3.4935551812036776
1658.0,3.485466030679479
1659.0,3.4894615110510254
1660.0,3.5035719275342276
1661.0,3.526022980730466
1662.0,3.55537676398351
1663.0,3.596369597165596
1664.0,3.650564518913348
1665.0,3.7130666389018145
1666.0,3.780513733151793
1667.0,3.849244349829588
1668.0,3.918528397322628
1669.0,3.979502957647939
1670.0,4.030275730226243
1671.0,4.075255094298621
1672.0,4.110596431534869
1673.0,4.1354015552146315
1674.0,4.145359848635389
1675.0,4.143323923567605
1676.0,4.1335038572454135
1677.0,4.119220800237286
1678.0,4.103433592673588
1679.0,4.087897862337025
1680.0,4.0752308880749775
1681.0,4.066886647352088
1682.0,4.057531127526566
1683.0,4.043841881123869
1684.0,4.023325225586201
1685.0,3.994845714449605
1686.0,3.9572505626421077
1687.0,3.90848527848007
1688.0,3.855070988992219
1689.0,3.804894209660032
1690.0,3.755552490488996
1691.0,3.7095785851844396
1692.0,3.6707806839159343
1693.0,3.6402861183607778
1694.0,3.6168190021083593
1695.0,3.5950417337144938
1696.0,3.575668878008921
1697.0,3.5608228117768403
1698.0,3.5496148262485065
1699.0,3.5420773475823246
1700.0,3.5374234274600163
1701.0,3.534775220459639
1702.0,3.53676000099264
1703.0,3.544561389512033
1704.0,3.5553440415611535
1705.0,3.5708611761590223
1706.0,3.589761976756358
1707.0,3.6095827060437373
1708.0,3.6298361514532305
1709.0,3.6527963677552155
1710.0,3.673652906390127
1711.0,3.6924158208214073
1712.0,3.711154148546558
1713.0,3.7389458381023433
1714.0,3.7792047538564972
1715.0,3.8339549353240296
1716.0,3.9017719649940883
1717.0,3.968709650228622
1718.0,4.013605408942404
1719.0,4.034226543035673
1720.0,4.0362173327017326
1721.0,4.023694871936197
1722.0,3.9987665379944524
1723.0,3.9627653547616752
1724.0,3.9214990811059582
1725.0,3.876115481288345
1726.0,3.8334416959199964
1727.0,3.794940905913448
1728.0,3.756981916367895
1729.0,3.7182348092288975
1730.0,3.6755326417488403
1731.0,3.631848787998862
1732.0,3.5964369523239252
1733.0,3.567409105454958
1734.0,3.5487278840676235
1735.0,3.544940923282312
1736.0,3.557200191701686
1737.0,3.58221950563771
1738.0,3.615857513649355
1739.0,3.655442346198175
1740.0,3.6930780275246615
1741.0,3.7215118534263225
1742.0,3.737451748748365
1743.0,3.7414002577457115
1744.0,3.7360969573208043
1745.0,3.725482108003517
1746.0,3.7081347287341053
1747.0,3.685431163281298
1748.0,3.6624910784960676
1749.0,3.6419944221098355
1750.0,3.625896377946271
1751.0,3.613980899553142
1752.0,3.607867453180468
1753.0,3.611092807422722
1754.0,3.6263194703114325
1755.0,3.6538626031888843
1756.0,3.6915076071398496
1757.0,3.732669659948447
1758.0,3.7725222799686993
1759.0,3.8096568326630544
1760.0,3.842467558125829
1761.0,3.869415737218365
1762.0,3.886968779208915
1763.0,3.894332219702127
1764.0,3.892000337348012
1765.0,3.8804944004864597
1766.0,3.860265533362973
1767.0,3.834553747409058
1768.0,3.808912515238353
1769.0,3.784545645555681
1770.0,3.759707358807629
1771.0,3.734586491620513
1772.0,3.7103521041503207
1773.0,3.68669551791591
1774.0,3.661069946892909
1775.0,3.6352785397938376
1776.0,3.6085000195709216
1777.0,3.579611556688961
1778.0,3.5504888982633056
1779.0,3.521360782792349
1780.0,3.4919207468977356
1781.0,3.4645410757514044
1782.0,3.4424471345394836
1783.0,3.4235688071292727
1784.0,3.4092918319421064
1785.0,3.4030203464130313
1786.0,3.4045035755302693
1787.0,3.412347383604444
1788.0,3.422324137292059
1789.0,3.4328044805181444
1790.0,3.4457646658789565
1791.0,3.4610286436221966
1792.0,3.4772691600389076
1793.0,3.4939141126183078
1794.0,3.5115373668588017
1795.0,3.5302148353060288
1796.0,3.547892074567373
1797.0,3.567017270232426
1798.0,3.5896127366784887
1799.0,3.612556419303672
1800.0,3.636925203854671
1801.0,3.663156562181053
1802.0,3.689606460213962
1803.0,3.716576589472826
1804.0,3.7439767087545306
1805.0,3.774752299763859
1806.0,3.809890884371079
1807.0,3.8481904810426557
1808.0,3.888445528404661
1809.0,3.928765545108703
1810.0,3.9645443430051857
1811.0,3.9904465182325004
1812.0,4.004577640820585
1813.0,4.003619358736079
1814.0,3.985365857572881
1815.0,3.9497122346456357
1816.0,3.9067551714895306
1817.0,3.867798969762846
1818.0,3.829764511475956
1819.0,3.7880375748458626
1820.0,3.7455385577018454
1821.0,3.70318987490676
1822.0,3.659218019193532
1823.0,3.6163574086192525
1824.0,3.577365572756461
1825.0,3.5442101265343524
1826.0,3.5163298014153606
1827.0,3.4944274648186764
1828.0,3.480355713678417
1829.0,3.473458806388514
1830.0,3.4719069430379403
1831.0,3.47262363936035
1832.0,3.4733426019511637
1833.0,3.4747681787860016
1834.0,3.4768344980984627
1835.0,3.4784184956506476
1836.0,3.4829348045307476
1837.0,3.490936890938625
1838.0,3.4992746716714738
1839.0,3.506061323128021
1840.0,3.507138052411787
1841.0,3.5042319657368486
1842.0,3.5019542781835655
1843.0,3.500744361163879
1844.0,3.5026710681433
1845.0,3.5108185332020336
1846.0,3.5212238586748588
1847.0,3.535272690490737
1848.0,3.5568642710523215
1849.0,3.5822440543315692
1850.0,3.606111860162821
1851.0,3.623607442345867
1852.0,3.635482640045893
1853.0,3.641687679445477
1854.0,3.641991876245057
1855.0,3.634052296442882
1856.0,3.6206199936168146
1857.0,3.606564295417226
1858.0,3.59516522571113
1859.0,3.583571987881237
1860.0,3.5718983033425844
1861.0,3.563242738139815
1862.0,3.5595895864245097
1863.0,3.5580394685595396
1864.0,3.5555707885993026
1865.0,3.5564596759175497
1866.0,3.562008191174022
1867.0,3.5758841195116173
1868.0,3.593814375372654
1869.0,3.6154560210649653
1870.0,3.642982269161955
1871.0,3.67783379575438
1872.0,3.7153363566743898
1873.0,3.751781512795427
1874.0,3.781468890243225
1875.0,3.8030410908487684
1876.0,3.8165263371817186
1877.0,3.8204033082131525
1878.0,3.8125265373685244
1879.0,3.792640649563033
1880.0,3.7673729176779256
1881.0,3.7420047180189986
1882.0,3.719011572554819
1883.0,3.699069566881133
1884.0,3.682174404429319
1885.0,3.6694128909854626
1886.0,3.660249211950921
1887.0,3.652331389446811
1888.0,3.641525697919868
1889.0,3.630201460079086
1890.0,3.6153530650140167
1891.0,3.5983104899933256
1892.0,3.5817360985012177
1893.0,3.5671593498652174
1894.0,3.553518584355401
1895.0,3.5412211172133325
1896.0,3.530211737669954
1897.0,3.519829875154347
1898.0,3.509015747486669
1899.0,3.496621185618574
1900.0,3.4835935445352244
1901.0,3.470901023678436
1902.0,3.459462152867926
1903.0,3.44870503232659
1904.0,3.4398394928551768
1905.0,3.4367451397270403
1906.0,3.436766858030975
1907.0,3.44046168932612
1908.0,3.449043634680992
1909.0,3.4643637422449505
1910.0,3.487535804306164
1911.0,3.5187117899136524
1912.0,3.56176916278377
1913.0,3.6097224090544846
1914.0,3.659299583349477
1915.0,3.7132431287501695
1916.0,3.777194738069098
1917.0,3.856195089974575
1918.0,3.9346332904973407
1919.0,3.9998619800335686
1920.0,4.039981476729004
1921.0,4.053691467823166
1922.0,4.0418867636655005
1923.0,4.016742352528005
1924.0,3.9837768622295897
1925.0,3.948211866082276
1926.0,3.9166861892123057
1927.0,3.889397347978104
1928.0,3.8633563777224422
1929.0,3.8382211313192816
1930.0,3.813105381342973
1931.0,3.785101506622207
1932.0,3.7559915836718036
1933.0,3.7306615670437995
1934.0,3.707166832642785
1935.0,3.6881754945310976
1936.0,3.670858251614632
1937.0,3.6476879663278874
1938.0,3.6234206610193156
1939.0,3.603080011900218
1940.0,3.581771831739639
1941.0,3.560218806605438
1942.0,3.541990980575437
1943.0,3.526806191375313
1944.0,3.5126360761633477
1945.0,3.4980889736038936
1946.0,3.48024259758219
1947.0,3.4599818458133975
1948.0,3.440898439584803
1949.0,3.422058676701989
1950.0,3.402638529031007
1951.0,3.384471503364752
1952.0,3.3678561452353617
1953.0,3.3521386541317546
1954.0,3.338440326093017
1955.0,3.3288702690893746
1956.0,3.329262565544669
1957.0,3.3434950958665355
1958.0,3.3745284884655864
1959.0,3.42739567567205
1960.0,3.5052672385331203
1961.0,3.597109849324835
1962.0,3.686237245231714
1963.0,3.7618453304709485
1964.0,3.8198501510280596
1965.0,3.860251224688138
1966.0,3.883604543145113
1967.0,3.892602575248421
1968.0,3.891803816826905
1969.0,3.8835746694854074
1970.0,3.868226687160499
1971.0,3.8481590657529483
1972.0,3.8272243408747544
1973.0,3.808007679046928
1974.0,3.787861704845872
1975.0,3.765819931702982
1976.0,3.745201266419453
1977.0,3.72734866635797
1978.0,3.7090160018111606
1979.0,3.691275412581258
1980.0,3.674272504781118
1981.0,3.6575443046218186
1982.0,3.6442898441364497
1983.0,3.6329846118100613
1984.0,3.6207574615771323
1985.0,3.6055308665871646
1986.0,3.5859056808704537
1987.0,3.5612511874391624
1988.0,3.5331321027617224
1989.0,3.5011684686539146
1990.0,3.4668682302304275
1991.0,3.4330305047918457
1992.0,3.4019328526584554
1993.0,3.3705770207852366
1994.0,3.3403129542355914
1995.0,3.3108041767885465
1996.0,3.2886686312974622
1997.0,3.27682361664292
1998.0,3.285526377817906
1999.0,3.3090987708376267
2000.0,3.3338806278604056
2001.0,3.353977000575375
2002.0,3.372667472043159
2003.0,3.3933560415917503
2004.0,3.4179573624000104
2005.0,3.4523775873162355
2006.0,3.502749843042021
2007.0,3.568634343061638
2008.0,3.638179363807505
2009.0,3.69875906659328
2010.0,3.7530658492633036
2011.0,3.7955099331937485
2012.0,3.8181736218292524
2013.0,3.8190085564642735
2014.0,3.8069903801433527
2015.0,3.792467926294086
2016.0,3.775298704258466
2017.0,3.750867428209655
2018.0,3.726083153741412
2019.0,3.703083987670666
2020.0,3.679116936219249
2021.0,3.655529926059073
2022.0,3.632332085445177
2023.0,3.6090834491823562
2024.0,3.590341863128537
2025.0,3.5752392881240334
2026.0,3.562854183902747
2027.0,3.5478790043285464
2028.0,3.527034176130486
2029.0,3.4937264182687198
2030.0,3.4503063525226625
2031.0,3.4062847187490144
2032.0,3.363804061067983
2033.0,3.330529932319419
2034.0,3.304918615521117
2035.0,3.28413145009214
2036.0,3.269819619952563
2037.0,3.262450949491135
2038.0,3.2663370658538597
2039.0,3.277216145852588
2040.0,3.292614802098548
2041.0,3.311162281113849
2042.0,3.339070046071695
2043.0,3.3783614949820695
2044.0,3.4220972872826247
2045.0,3.466419482346863
2046.0,3.509634035690828
2047.0,3.550455413320376
2048.0,3.586375971784988
2049.0,3.617009072296936
2050.0,3.645095043038989
2051.0,3.6686865444398706
2052.0,3.686726705956377
2053.0,3.699034295660517
2054.0,3.703973241744303
2055.0,3.7012668299438536
2056.0,3.694685218137442
2057.0,3.6810661135069878
2058.0,3.6632274168110195
2059.0,3.6417940058857465
2060.0,3.615580185978926
2061.0,3.58561885655579
2062.0,3.5612214064388708
2063.0,3.544859022246315
2064.0,3.5344610314161673
2065.0,3.530348840834699
2066.0,3.531662132839819
2067.0,3.5381338148611277
2068.0,3.5526777549617474
2069.0,3.57751765913602
2070.0,3.6092000132135285
2071.0,3.6473127299271293
2072.0,3.6850112817392566
2073.0,3.722157078620175
2074.0,3.7590328642837005
2075.0,3.7986638260242698
2076.0,3.84518498827848
2077.0,3.899566971729837
2078.0,3.957157506853102
2079.0,4.010983169411501
2080.0,4.058081586977303
2081.0,4.0957149825049495
2082.0,4.12754358525448
2083.0,4.1486326816720425
2084.0,4.155473451140137
2085.0,4.148080446964081
2086.0,4.1293853305029105
2087.0,4.103784185509624
2088.0,4.075713740218527
2089.0,4.0442308693218285
2090.0,4.0157437639780715
2091.0,3.9901584533975916
2092.0,3.970945568036319
2093.0,3.9591656196832594
2094.0,3.9502576156565783
2095.0,3.938523272777012
2096.0,3.9216841335027497
2097.0,3.8999952917500416
2098.0,3.87218189147883
2099.0,3.8404722933505306
2100.0,3.8088856555201795
2101.0,3.776569610574035
2102.0,3.74730899147535
2103.0,3.7196567914985113
2104.0,3.693629970424266
2105.0,3.668489272540143
2106.0,3.64607826525757
2107.0,3.6257883498759864
2108.0,3.6111701584618703
2109.0,3.597325751806153
2110.0,3.5829340541168255
2111.0,3.568641227359191
2112.0,3.555988674980531
2113.0,3.549450100854915
2114.0,3.5463573345975576
2115.0,3.5464927544038187
2116.0,3.548795708353544
2117.0,3.549932889692198
2118.0,3.5475714913464973
2119.0,3.5440788115634487
2120.0,3.541715240979141
2121.0,3.5387577129280126
2122.0,3.5331131037387156
2123.0,3.5263497009784697
2124.0,3.515662454332169
2125.0,3.5101988820928534
2126.0,3.521664582459598
2127.0,3.545512161640865
2128.0,3.580934107425577
2129.0,3.618728060093916
2130.0,3.6586662650943733
2131.0,3.672497701034455
2132.0,3.6613717898555915
2133.0,3.621157629441028
2134.0,3.5488536205607573
2135.0,3.4656325269725037
2136.0,3.3846219787183824
2137.0,3.3190772880620782
2138.0,3.2859562563762155
2139.0,3.2637968061155793
2140.0,3.2495618158379327
2141.0,3.242696133610324
2142.0,3.2449157990888193
2143.0,3.258231708531842
2144.0,3.281151189259786
2145.0,3.3165951665001097
2146.0,3.362445331108599
2147.0,3.4192935585382553
2148.0,3.490871275984442
2149.0,3.581556478421073
2150.0,3.6866353850219307
2151.0,3.7946915324298467
2152.0,3.8961150155335615
2153.0,3.985574527025485
2154.0,4.057037701239708
2155.0,4.109104845390241
2156.0,4.1449595867768565
2157.0,4.162646615467482
2158.0,4.160245963245086
2159.0,4.140482554453527
2160.0,4.110348220158685
2161.0,4.078674599824054
2162.0,4.045349173626364
2163.0,4.014217168418537
2164.0,3.985339077803112
2165.0,3.952191724069294
2166.0,3.9135347833382474
2167.0,3.870597806910091
2168.0,3.826714343071176
2169.0,3.7864770510954258
2170.0,3.7539651652534896
2171.0,3.7296920202668087
2172.0,3.7077310685957143
2173.0,3.6890329327626965
2174.0,3.670389154317745
2175.0,3.642610002344591
2176.0,3.603219965239002
2177.0,3.559912958351687
2178.0,3.5163116081435626
2179.0,3.4738357103224065
2180.0,3.4333883180177516
2181.0,3.399019409102034
2182.0,3.373273426616643
2183.0,3.356270286891989
2184.0,3.349667549298419
2185.0,3.351707196358244
2186.0,3.3601404311413092
2187.0,3.3750677789248402
2188.0,3.3973819287758014
2189.0,3.425921766404355
2190.0,3.455568009619696
2191.0,3.486273999517507
2192.0,3.5170186024346592
2193.0,3.546817136381252
2194.0,3.5798904852047
2195.0,3.6154814542625435
2196.0,3.6473184148040376
2197.0,3.6715008418152344
2198.0,3.6934404282046693
2199.0,3.7178573878185435
2200.0,3.738884624391976
2201.0,3.755173089631536
2202.0,3.767990367863887
2203.0,3.7729922469340114
2204.0,3.771245531540632
2205.0,3.763391175415
2206.0,3.744492465603223
2207.0,3.7132531637820008
2208.0,3.6751700600283352
2209.0,3.6355412497519572
2210.0,3.5974798981744986
2211.0,3.563349705963413
2212.0,3.534294168080004
2213.0,3.5168129554801677
2214.0,3.5057010010388105
2215.0,3.498009098289819
2216.0,3.4906411843243323
2217.0,3.4828436455970277
2218.0,3.474536720331175
2219.0,3.4648309655012155
2220.0,3.4528673857656003
2221.0,3.4382197100415897
2222.0,3.4209526154776984
2223.0,3.401842270898702
2224.0,3.381606297616064
2225.0,3.364979710018346
2226.0,3.3537098173740243
2227.0,3.346847060469439
2228.0,3.343510652657896
2229.0,3.342375159680937
2230.0,3.3424453240133016
2231.0,3.343772709375162
2232.0,3.3466310898738394
2233.0,3.3520959034855515
2234.0,3.3630209820937846
2235.0,3.378711751471286
2236.0,3.400336885605921
2237.0,3.435945001109966
2238.0,3.4864893418938405
2239.0,3.550170058874571
2240.0,3.617548258635283
2241.0,3.682860675893344
2242.0,3.7400188663401965
2243.0,3.785786086486499
2244.0,3.8162771958248976
2245.0,3.8328504210112677
2246.0,3.83568077878696
2247.0,3.8281394212768762
2248.0,3.81580772300215
2249.0,3.7968247766377825
2250.0,3.7707767726227206
2251.0,3.7387521882948587
2252.0,3.7014044985024723
2253.0,3.659042156892129
2254.0,3.6118294846678753
2255.0,3.552599720031799
2256.0,3.485085150306747
2257.0,3.4124679399846976
2258.0,3.3487731301267094
2259.0,3.2987846265544447
2260.0,3.2580133823593687
2261.0,3.2275784476688334
2262.0,3.207279942430165
2263.0,3.1949744466594288
2264.0,3.190674636077945
2265.0,3.1971932942993373
2266.0,3.211518627771186
2267.0,3.232346039475124
2268.0,3.2586953349791385
2269.0,3.2845759085688373
2270.0,3.311911849431479
2271.0,3.3394894385965928
2272.0,3.3692094388228937
2273.0,3.409742102282393
2274.0,3.464545414722355
2275.0,3.525289644389296
2276.0,3.5848316500621484
2277.0,3.6425358420371325
2278.0,3.699514002128405
2279.0,3.752916398287083
2280.0,3.7957392873096953
2281.0,3.8284485046396233
2282.0,3.8511899798124962
2283.0,3.8642310026525446
2284.0,3.86659192357927
2285.0,3.8664943115278603
2286.0,3.86610107670346
2287.0,3.8617482618062717
2288.0,3.857513949434386
2289.0,3.846260763669042
2290.0,3.819951014037131
2291.0,3.7829872548144556
2292.0,3.7398857975725384
2293.0,3.692924903737828
2294.0,3.642198010945865
2295.0,3.58892718696635
2296.0,3.535431344532598
2297.0,3.4826066517752925
2298.0,3.4352567135080285
2299.0,3.398238417096959
2300.0,3.367584572809077
2301.0,3.3398427942259876
2302.0,3.3189756325546345
2303.0,3.303411829656877
2304.0,3.296596323761706
2305.0,3.2968237069479898
2306.0,3.3010545151694153
2307.0,3.3080014321139566
2308.0,3.322027390700364
2309.0,3.3410393828925744
2310.0,3.3662212753622693
2311.0,3.3976548192060783
2312.0,3.4376069163428893
2313.0,3.482510615268094
2314.0,3.5204488970178134
2315.0,3.555665170506072
2316.0,3.584731349072911
2317.0,3.6050049615002853
2318.0,3.619617755783286
2319.0,3.6302463456286165
2320.0,3.637543038500724
2321.0,3.6417394375635426
2322.0,3.6401649844675457
2323.0,3.6330335495025903
2324.0,3.6241619663858
2325.0,3.61168478098386
2326.0,3.5980068080475176
2327.0,3.589702446845505
2328.0,3.5812235380033632
2329.0,3.577102591162092
2330.0,3.574785555470507
2331.0,3.569020999584405
2332.0,3.5574092046367247
2333.0,3.5388987154874485
2334.0,3.5093163450753857
2335.0,3.4681006763192657
2336.0,3.4179639711799417
2337.0,3.3698409857966976
2338.0,3.326137790381592
2339.0,3.287070493741139
2340.0,3.2562193584274906
2341.0,3.2329984566768233
2342.0,3.2181433829621486
2343.0,3.2084590923989627
2344.0,3.204379692057568
2345.0,3.2071000371371237
2346.0,3.220796717667287
2347.0,3.251115355172665
2348.0,3.300570848678397
2349.0,3.3642093263785675
2350.0,3.433839045409656
2351.0,3.502858175908518
2352.0,3.566264032638611
2353.0,3.621880708655418
2354.0,3.66804633710067
2355.0,3.7033675254868634
2356.0,3.734910302499279
2357.0,3.7594384345717096
2358.0,3.774102170389425
2359.0,3.77883193448103
2360.0,3.772279513454358
2361.0,3.7598927073501027
2362.0,3.744922070559212
2363.0,3.728903792493127
2364.0,3.7166342282676728
2365.0,3.708390369733624
2366.0,3.7028462798971984
2367.0,3.7000723505832203
2368.0,3.6989204426449174
2369.0,3.6947155823462294
2370.0,3.6855694586861323
2371.0,3.6702018192170702
2372.0,3.6479154261803117
2373.0,3.619860070086492
2374.0,3.588426453391317
2375.0,3.5548240394459145
2376.0,3.517664686504132
2377.0,3.4761246237301657
2378.0,3.429959823191803
2379.0,3.3836643440071583
2380.0,3.3414680930371947
2381.0,3.305664263951292
2382.0,3.2796647003864936
2383.0,3.262357697118146
2384.0,3.249761043916885
2385.0,3.239271633553007
2386.0,3.2346088772768438
2387.0,3.236736142027368
2388.0,3.244408927066659
2389.0,3.260966456437672
2390.0,3.2847734741118293
2391.0,3.3149019394866985
2392.0,3.3506450973963355
2393.0,3.3880815876945474
2394.0,3.422217046018306
2395.0,3.4532674542638366
2396.0,3.4789198526041885
2397.0,3.4981881655005407
2398.0,3.511864572436943
2399.0,3.5211447869988928
2400.0,3.5268368966090398
2401.0,3.5305755293398806
2402.0,3.53403650726447
2403.0,3.536566748556047
2404.0,3.539142097978286
2405.0,3.538250453387296
2406.0,3.5347117874011826
2407.0,3.528010171800212
2408.0,3.516306364913766
2409.0,3.4987106475172696
2410.0,3.475934229939505
2411.0,3.4524296521646103
2412.0,3.426052370451046
2413.0,3.399380176089741
2414.0,3.3750550333221643
2415.0,3.3530799320775184
2416.0,3.3322512049174353
2417.0,3.3125271098192868
2418.0,3.2951752957364637
2419.0,3.281370528290171
2420.0,3.2716675043009986
2421.0,3.2652923954939523
2422.0,3.265426234029856
2423.0,3.269197808785682
2424.0,3.2797463447917092
2425.0,3.297295300670425
2426.0,3.321646022369623
2427.0,3.353469441264916
2428.0,3.389259988203073
2429.0,3.4246341708799117
2430.0,3.4611784457246033
2431.0,3.5007575423530417
2432.0,3.5491552995419506
2433.0,3.6169968153379393
2434.0,3.706808607868474
2435.0,3.8085692232163244
2436.0,3.9049166144750527
2437.0,3.983735216486849
2438.0,4.0416291250963505
2439.0,4.07925244253465
2440.0,4.099172906770527
2441.0,4.107906073423177
2442.0,4.1063055006099365
2443.0,4.0961783959732685
2444.0,4.080475798388049
2445.0,4.06128813474671
2446.0,4.039677846590079
2447.0,4.017081896055866
2448.0,3.9938224728414666
2449.0,3.9703109319401846
2450.0,3.943248836814001
2451.0,3.904486731142136
2452.0,3.857273561844964
2453.0,3.8133893224387205
2454.0,3.7749596404402985
2455.0,3.7379088684342476
2456.0,3.697226248325073
2457.0,3.652229324163126
2458.0,3.60601880238665
2459.0,3.5531962121086123
2460.0,3.500306126393529
2461.0,3.4477941860549435
2462.0,3.3963193368272564
2463.0,3.3482851736441654
2464.0,3.311469004225551
2465.0,3.2836427810520106
2466.0,3.263699193363498
2467.0,3.252665332911314
2468.0,3.2475090591424527
2469.0,3.2455631484627396
2470.0,3.2470529363763276
2471.0,3.2516783736558756
2472.0,3.261813166473418
2473.0,3.2832865610306197
2474.0,3.3133194746997963
2475.0,3.3552513346675292
2476.0,3.4099974828385036
2477.0,3.472141193521646
2478.0,3.5364592972492943
2479.0,3.5993285975995324
2480.0,3.6565860359583113
2481.0,3.706959083650949
2482.0,3.7535658301405284
2483.0,3.8006963595147703
2484.0,3.850057469697434
2485.0,3.899884326518599
2486.0,3.9459006177813816
2487.0,3.9872854650642693
2488.0,4.016627108249125
2489.0,4.030532540445212
2490.0,4.024407920268965
2491.0,3.9944898096318253
2492.0,3.9477810578162527
2493.0,3.8925154495204137
2494.0,3.8302434019798044
2495.0,3.7669290241018922
2496.0,3.702379172326873
2497.0,3.6394705428849186
2498.0,3.5787377010728365
2499.0,3.521254273234464
2500.0,3.470607947882938
2501.0,3.4240008107000013
2502.0,3.384080011325392
2503.0,3.3509996282641175
2504.0,3.329314282702672
2505.0,3.320164334425871
2506.0,3.320724256666776
2507.0,3.3285918304047297
2508.0,3.34375091959028
2509.0,3.366674184589033
2510.0,3.396971931062248
2511.0,3.42958202120629
2512.0,3.4628240918720405
2513.0,3.4953925147187275
2514.0,3.5322498241242073
2515.0,3.5767146619897914
2516.0,3.6323322210224847
2517.0,3.7065897990429044
2518.0,3.8017878765504554
2519.0,3.9048161695507853
2520.0,3.9939248078984075
2521.0,4.059230110161591
2522.0,4.100707720269237
2523.0,4.127334823570437
2524.0,4.150311292250092
2525.0,4.160965717212677
2526.0,4.15099333703638
2527.0,4.121449232917294
2528.0,4.088232056411594
2529.0,4.069758102134776
2530.0,4.064860230435469
2531.0,4.0584439709285185
2532.0,4.043529639078205
2533.0,4.018898295343629
2534.0,3.984750052103552
2535.0,3.9411544075880127
2536.0,3.889422574362387
2537.0,3.8381027682276416
2538.0,3.791360499129375
2539.0,3.751765559217923
2540.0,3.7182211282222837
2541.0,3.6791547911234868
2542.0,3.624373099997556
2543.0,3.5591908364244036
2544.0,3.4930841368724495
2545.0,3.4348364434758936
2546.0,3.3867933052192267
2547.0,3.3379492396233728
2548.0,3.284919765927649
2549.0,3.2302047152954225
2550.0,3.1784155427869276
2551.0,3.136283280900119
2552.0,3.107064165085084
2553.0,3.0970499522422945
2554.0,3.1063461879342027
2555.0,3.1261515289889936
2556.0,3.1544360210062727
2557.0,3.184059179324506
2558.0,3.2126252830802353
2559.0,3.238930289243736
2560.0,3.2660551931775967
2561.0,3.29727662152644
2562.0,3.330799468396442
2563.0,3.365581006701593
2564.0,3.398179658292795
2565.0,3.4244302805558506
2566.0,3.4432856688502675
2567.0,3.458416835803755
2568.0,3.474551087954259
2569.0,3.4870012818028413
2570.0,3.498323382508903
2571.0,3.504227105305072
2572.0,3.508034287733914
2573.0,3.512870110228426
2574.0,3.5124754874689432
2575.0,3.5080296767349344
2576.0,3.4987602996382785
2577.0,3.48402707973269
2578.0,3.4659331416214005
2579.0,3.4466665242133927
2580.0,3.425664684733741
2581.0,3.4013503307752124
2582.0,3.374825631376034
2583.0,3.3493867190661932
2584.0,3.327034737371777
2585.0,3.3069656282628954
2586.0,3.2883360753462587
2587.0,3.2694099813070565
2588.0,3.247961496416013
2589.0,3.2237201051352367
2590.0,3.1996276716534005
2591.0,3.1822636547306065
2592.0,3.171650493606222
2593.0,3.1667392638387106
2594.0,3.166728673881873
2595.0,3.1721435881418087
2596.0,3.1814082606507053
2597.0,3.1944763656234896
2598.0,3.209252915250772
2599.0,3.2280790142182125
2600.0,3.2528895555369974
2601.0,3.280016589349198
2602.0,3.3097611952466885
2603.0,3.341137380919862
2604.0,3.3761286905807832
2605.0,3.415988417941453
2606.0,3.459136219470508
2607.0,3.500992874787421
2608.0,3.53964488429436
2609.0,3.57480942092107
2610.0,3.6103775024860703
2611.0,3.646213540112392
2612.0,3.68090376047992
2613.0,3.713153961554459
2614.0,3.7432097661993526
2615.0,3.7635163824923064
2616.0,3.773445343661986
2617.0,3.7719092631629603
2618.0,3.759620812224329
2619.0,3.7393143954149823
2620.0,3.715377011843615
2621.0,3.688503459860618
2622.0,3.6610798208518256
2623.0,3.6330265857519843
2624.0,3.6027510410653574
2625.0,3.5704740680158533
2626.0,3.5367164720268986
2627.0,3.5032579395981354
2628.0,3.4719561624674404
2629.0,3.4419683540960957
2630.0,3.4129584359828167
2631.0,3.3863535840748127
2632.0,3.359520788222666
2633.0,3.3294579534744617
2634.0,3.2982389637843252
2635.0,3.268410791631017
2636.0,3.2454773463948894
2637.0,3.2281683656225946
2638.0,3.216831510433005
2639.0,3.20967684768299
2640.0,3.2111817919760957
2641.0,3.2174734469965918
2642.0,3.2249168253476723
2643.0,3.2345701329190453
2644.0,3.246506140065497
2645.0,3.2607555211798247
2646.0,3.277604910051269
2647.0,3.295391522195108
2648.0,3.3153361158332886
2649.0,3.3352985684835903
2650.0,3.3552807956847044
2651.0,3.372302532087752
2652.0,3.388569818304402
2653.0,3.4047217851003397
2654.0,3.420685916267448
2655.0,3.4364227191548395
2656.0,3.4541729000578236
2657.0,3.4729295995853633
2658.0,3.4954051996703206
2659.0,3.518759423318428
2660.0,3.5432767935320335
2661.0,3.5660421838463727
2662.0,3.587887969719704
2663.0,3.6057722751268413
2664.0,3.6229699031304685
2665.0,3.639172048010317
2666.0,3.6548878245343346
2667.0,3.6703307946935166
2668.0,3.6842623812764064
2669.0,3.6976330532793384
2670.0,3.7101118648613918
2671.0,3.7183983726125884
2672.0,3.724696820762884
2673.0,3.7235875266935747
2674.0,3.7189104249406735
2675.0,3.707999081122685
2676.0,3.690079190981821
2677.0,3.6688901786878843
2678.0,3.6403042021705354
2679.0,3.6094421866575876
2680.0,3.5741986536499493
2681.0,3.5357221358406243
2682.0,3.495637612451896
2683.0,3.4555394350394804
2684.0,3.41169225972627
2685.0,3.36272557771856
2686.0,3.3253893010184736
2687.0,3.2932063625853663
2688.0,3.2576293849170055
2689.0,3.2223221027373534
2690.0,3.191099092869651
2691.0,3.1650730107755614
2692.0,3.1466086395206903
2693.0,3.1347182811818173
2694.0,3.126484069387141
2695.0,3.1226075537373243
2696.0,3.123197091650806
2697.0,3.125482939041048
2698.0,3.130592428388948
2699.0,3.1362966051454517
2700.0,3.1430138803810848
2701.0,3.1513168400271074
2702.0,3.1612262660278154
2703.0,3.1733172729233883
2704.0,3.187956177787272
2705.0,3.2030047908101578
2706.0,3.2176310614678667
2707.0,3.235630092741845
2708.0,3.256801482722666
2709.0,3.281116218048788
2710.0,3.309255023696701
2711.0,3.3388884016719578
2712.0,3.3704829861081405
2713.0,3.406118185265813
2714.0,3.44605544345693
2715.0,3.4912865309382677
2716.0,3.538070207525195
2717.0,3.579508432618015
2718.0,3.615945977983658
2719.0,3.6447806625882238
2720.0,3.6675842561130816
