Age,d18O
0,3.158369
1,3.158208585
2,3.151446876
3,3.144901378
4,3.142717593
5,3.149416895
6,3.170721935
7,3.211587091
8,3.256286431
9,3.319024774
10,3.408152586
11,3.516834555
12,3.633960008
13,3.757375082
14,3.872549857
15,3.973563089
16,4.098163212
17,4.253712998
18,4.423648054
19,4.578990729
20,4.700208662
21,4.775840754
22,4.793960256
23,4.788637383
24,4.776545075
25,4.757892471
26,4.724312344
27,4.681383858
28,4.641214778
29,4.626351438
30,4.621238508
31,4.611073063
32,4.592904915
33,4.572376317
34,4.533916749
35,4.494560355
36,4.472021205
37,4.454367038
38,4.428227567
39,4.39812227
40,4.370149147
41,4.331287404
42,4.288294708
43,4.260490526
44,4.271422346
45,4.320654738
46,4.367548224
47,4.377009195
48,4.361382977
49,4.331578658
50,4.2888578
51,4.228414657
52,4.227442217
53,4.280478455
54,4.316720726
55,4.311848188
56,4.268408079
57,4.209080225
58,4.173154004
59,4.190404466
60,4.225884202
61,4.190939766
62,4.135801317
63,4.163883003
64,4.234388752
65,4.293835735
66,4.350344566
67,4.392071063
68,4.414139554
69,4.425563292
70,4.438336264
71,4.432372459
72,4.394931046
73,4.333076658
74,4.262730044
75,4.178509178
76,4.101066965
77,4.05166245
78,3.995601814
79,3.950175984
80,3.939629914
81,3.899342069
82,3.839459324
83,3.760368822
84,3.686135092
85,3.640936397
86,3.652527852
87,3.738900529
88,3.860629394
89,3.967118854
90,4.025688293
91,4.026114435
92,3.882887519
93,3.852434743
94,3.821470164
95,3.794687136
96,3.769569194
97,3.740428206
98,3.7066427
99,3.679707812
100,3.662863565
101,3.656022808
102,3.660308115
103,3.678893963
104,3.700865897
105,3.724528876
106,3.748006832
107,3.765311082
108,3.773234109
109,3.784695508
110,3.801325753
111,3.944916323
112,3.92990977
113,3.863654869
114,3.773705439
115,3.655569998
116,3.528273594
117,3.426324686
118,3.326291988
119,3.212330997
120,3.116914987
121,3.064033993
122,3.032788486
123,3.020865459
124,3.063416043
125,3.190628896
126,3.367830826
127,3.571213959
128,3.801389636
129,3.967246922
130,4.031198912
131,4.151411258
132,4.335956662
133,4.493937268
134,4.621120569
135,4.703770671
136,4.739872216
137,4.758291971
138,4.757045343
139,4.729083783
140,4.688519399
141,4.647585181
142,4.616069731
143,4.59225035
144,4.566258838
145,4.535855003
146,4.510128136
147,4.494092126
148,4.486213009
149,4.487187749
150,4.497503118
151,4.512847958
152,4.531371828
153,4.550367895
154,4.578183909
155,4.604484802
156,4.595702886
157,4.566389847
158,4.527487412
159,4.486658707
160,4.448525267
161,4.421980708
162,4.403728927
163,4.378264021
164,4.359168265
165,4.354167344
166,4.336070885
167,4.273528501
168,4.217670723
169,4.194667788
170,4.201211804
171,4.250896916
172,4.297099288
173,4.313080995
174,4.3225758
175,4.31779078
176,4.291256352
177,4.284351169
178,4.318284053
179,4.365876558
180,4.36189928
181,4.317392527
182,4.250224366
183,4.165571012
184,4.061250188
185,3.945095672
186,3.849963469
187,3.789408623
188,3.763459404
189,3.724151235
190,3.641413377
191,3.547439986
192,3.469276175
193,3.427613107
194,3.437845852
195,3.504000419
196,3.582724693
197,3.622413499
198,3.630018589
199,3.615761526
200,3.587801855
201,3.548805768
202,3.491646505
203,3.435697107
204,3.400241881
205,3.380251341
206,3.386812499
207,3.44195437
208,3.545780867
209,3.683421873
210,3.846330844
211,4.010110228
212,4.131706265
213,4.201397937
214,4.249450081
215,4.274824025
216,4.26075988
217,4.21206985
218,4.155190792
219,4.114197836
220,4.082119188
221,4.042769783
222,3.993009649
223,3.917115064
224,3.812968355
225,3.685287008
226,3.556968976
227,3.454913233
228,3.381969012
229,3.347128677
230,3.365789188
231,3.458906311
232,3.606902227
233,3.77351265
234,3.941148747
235,4.089862715
236,4.197480552
237,4.267397253
238,4.33312826
239,4.397873801
240,4.446294869
241,4.468664194
242,4.47462136
243,4.458090054
244,4.418269189
245,4.379699887
246,4.360637768
247,4.348772991
248,4.327715546
249,4.309403667
250,4.310597085
251,4.321393058
252,4.330412792
253,4.348711961
254,4.370282105
255,4.376783077
256,4.375531696
257,4.392634296
258,4.428897566
259,4.456303742
260,4.449218296
261,4.411453184
262,4.371964477
263,4.333467984
264,4.285934829
265,4.253306108
266,4.240262036
267,4.214683337
268,4.154132859
269,4.171995669
270,4.129103207
271,4.080340393
272,4.034489685
273,4.006900876
274,4.002943884
275,4.008425052
276,4.033571658
277,4.091303666
278,4.15969291
279,4.207216362
280,4.238300511
281,4.243902432
282,4.233017328
283,4.21126289
284,4.175573153
285,4.126505201
286,4.069359672
287,4.021038216
288,3.990338391
289,3.957641777
290,3.916183252
291,3.885286449
292,3.863600035
293,3.830365885
294,3.777188694
295,3.715128631
296,3.662152797
297,3.626700925
298,3.609276173
299,3.59416378
300,3.580328871
301,3.568745877
302,3.558193057
303,3.548432481
304,3.540793781
305,3.533964869
306,3.528257564
307,3.522073367
308,3.514791834
309,3.504629483
310,3.491706682
311,3.474760068
312,3.434453774
313,3.390467166
314,3.343190844
315,3.292170384
316,3.242425786
317,3.195132339
318,3.161943922
319,3.134498879
320,3.114694233
321,3.097988016
322,3.083758029
323,3.080099875
324,3.080574163
325,3.085336487
326,3.105001204
327,3.136936354
328,3.190228844
329,3.271482229
330,3.365351365
331,3.476146902
332,3.585946132
333,3.694863777
334,3.796199357
335,3.893710188
336,3.98661197
337,4.077133862
338,4.225980714
339,4.508871059
340,4.673647829
341,4.641545991
342,4.54606177
343,4.483310929
344,4.391510379
345,4.32869487
346,4.347266135
347,4.368788199
348,4.375195908
349,4.36639758
350,4.329819592
351,4.291997084
352,4.265130065
353,4.231937234
354,4.192879974
355,4.150621753
356,4.116526506
357,4.100911853
358,4.103809079
359,4.108751461
360,4.101691141
361,4.09071833
362,4.078656304
363,4.064362209
364,4.043582244
365,4.014631404
366,3.981149907
367,3.94667899
368,3.918490042
369,3.905981063
370,3.904222466
371,3.889327366
372,3.859412906
373,3.830019474
374,3.803349117
375,3.771373291
376,3.750226742
377,3.759292815
378,3.777435446
379,3.761612935
380,3.721035032
381,3.662513132
382,3.598120753
383,3.539133158
384,3.490294992
385,3.447369042
386,3.40060688
387,3.351330047
388,3.301572783
389,3.252662778
390,3.192022842
391,3.134483467
392,3.092034682
393,3.067229727
394,3.056336165
395,3.049637643
396,3.05707407
397,3.078637487
398,3.102007931
399,3.117372744
400,3.124491246
401,3.141176916
402,3.1653923
403,3.202192488
404,3.250374809
405,3.303481387
406,3.356665046
407,3.404666477
408,3.450743363
409,3.498755261
410,3.549132094
411,3.592848856
412,3.627644515
413,3.661868411
414,3.707653095
415,3.76879168
416,3.84723913
417,3.939058714
418,4.038219876
419,4.146127298
420,4.268415161
421,4.403179881
422,4.538807066
423,4.66315385
424,4.768217664
425,4.844784307
426,4.885873999
427,4.90210676
428,4.893374914
429,4.877977646
430,4.865332391
431,4.843091499
432,4.815487248
433,4.788152202
434,4.759462249
435,4.730052628
436,4.701681934
437,4.674201677
438,4.637248199
439,4.598709808
440,4.559045868
441,4.517169112
442,4.482094742
443,4.462777099
444,4.451726311
445,4.439810593
446,4.426917833
447,4.417345589
448,4.416865254
449,4.42253342
450,4.422290958
451,4.411034602
452,4.395238273
453,4.379928126
454,4.367709593
455,4.360270741
456,4.355195381
457,4.348024372
458,4.33399697
459,4.313836208
460,4.290737637
461,4.265449027
462,4.237158488
463,4.203832463
464,4.16479671
465,4.121719744
466,4.078198479
467,4.042030323
468,4.015147048
469,3.999896454
470,4.000324877
471,4.009168492
472,4.014265232
473,3.998514247
474,3.952575069
475,3.891115041
476,3.832356983
477,3.790168834
478,3.766513164
479,3.744740897
480,3.710414552
481,3.671347086
482,3.633078142
483,3.596347214
484,3.566109449
485,3.536713267
486,3.507611577
487,3.499373051
488,3.518684744
489,3.551953495
490,3.584015782
491,3.605448089
492,3.611865778
493,3.615658668
494,3.618906882
495,3.622764374
496,3.63232003
497,3.645293836
498,3.659954541
499,3.687207743
500,3.723025133
501,3.756290679
502,3.791450375
503,3.828687736
504,3.871860919
505,3.921558223
506,3.967550473
507,4.005985785
508,4.017652394
509,4.003942325
510,3.992100887
511,3.983076533
512,3.966177039
513,3.947641387
514,3.923678099
515,3.891578757
516,3.848000495
517,3.806504404
518,3.788296928
519,3.768031923
520,3.740348165
521,3.735867272
522,3.751184909
523,3.779448691
524,3.819506517
525,3.852796429
526,3.863516606
527,3.872154351
528,3.888975839
529,3.913075309
530,3.954109892
531,4.035288642
532,4.148713592
533,4.255607492
534,4.319902131
535,4.358454343
536,4.38221877
537,4.390717976
538,4.391914535
539,4.383951967
540,4.374491975
541,4.367397577
542,4.36187126
543,4.362173494
544,4.365334567
545,4.355579434
546,4.334146368
547,4.308102351
548,4.275557601
549,4.234079926
550,4.183204303
551,4.13439039
552,4.100382778
553,4.065849434
554,4.01988559
555,3.96217772
556,3.903732221
557,3.860871055
558,3.823620938
559,3.787980739
560,3.767934298
561,3.75964552
562,3.7502057
563,3.731376418
564,3.68818583
565,3.609730027
566,3.510750834
567,3.419889294
568,3.348186445
569,3.310851085
570,3.302913152
571,3.32287179
572,3.375978519
573,3.474599252
574,3.619905307
575,3.78542258
576,3.928505647
577,4.020808985
578,4.068495505
579,4.090820647
580,4.085206484
581,4.057107321
582,4.011764823
583,3.959658839
584,3.909151251
585,3.864262127
586,3.832751867
587,3.815505534
588,3.805167369
589,3.809167622
590,3.829787938
591,3.849539884
592,3.858026821
593,3.85560758
594,3.837788145
595,3.797472568
596,3.742459479
597,3.689338647
598,3.64679207
599,3.607948162
600,3.561117401
601,3.502277973
602,3.441237358
603,3.392717271
604,3.368494072
605,3.373667526
606,3.401342713
607,3.439397344
608,3.495691353
609,3.577839794
610,3.662207733
611,3.739555277
612,3.814654311
613,3.895101567
614,3.986321171
615,4.093018002
616,4.221893353
617,4.362992846
618,4.50212196
619,4.625379878
620,4.732639571
621,4.820157001
622,4.872839956
623,4.881786893
624,4.852880486
625,4.816492138
626,4.779846988
627,4.759808891
628,4.750896692
629,4.736578908
630,4.718866468
631,4.700615708
632,4.680610785
633,4.661020564
634,4.641732644
635,4.622516679
636,4.596103695
637,4.560230182
638,4.525777506
639,4.503262869
640,4.49208225
641,4.48839533
642,4.49181016
643,4.495202798
644,4.495369883
645,4.488166425
646,4.470216795
647,4.436803384
648,4.40446668
649,4.387170466
650,4.383845811
651,4.38281247
652,4.377726833
653,4.365827528
654,4.346850284
655,4.332533765
656,4.325958758
657,4.3216791
658,4.314600915
659,4.305817102
660,4.298140652
661,4.284519168
662,4.263813865
663,4.23860711
664,4.210072037
665,4.177867335
666,4.143384857
667,4.110433901
668,4.07975867
669,4.048299509
670,4.010384042
671,3.778349484
672,3.756293324
673,3.753706177
674,3.749001647
675,3.741678978
676,3.730638433
677,3.713437241
678,3.688589488
679,3.656903443
680,3.621463202
681,3.587258215
682,3.560595419
683,3.540019839
684,3.525903508
685,3.517567846
686,3.515285643
687,3.519826493
688,3.531833348
689,3.551525521
690,3.577238653
691,3.600920263
692,3.613038609
693,3.610809675
694,3.605155366
695,3.606551939
696,3.615712716
697,3.63364822
698,3.655562557
699,3.675324001
700,3.692132081
701,3.710678718
702,3.734204827
703,3.76095331
704,3.79058636
705,3.822387687
706,3.85715347
707,3.901158543
708,3.959093958
709,4.02394038
710,4.078459436
711,4.1159056
712,4.135161357
713,4.133565669
714,4.332286667
715,4.369277612
716,4.309974796
717,4.24904695
718,4.183927423
719,4.119256181
720,4.061313646
721,4.008915037
722,3.962578821
723,3.936347136
724,3.928138176
725,3.933097083
726,3.938925291
727,3.958314463
728,3.990118008
729,4.021568987
730,4.053518559
731,4.075282901
732,4.07899936
733,4.082017414
734,4.105977928
735,4.166699042
736,4.264995007
737,4.368894896
738,4.428289129
739,4.428265468
740,4.395260212
741,4.356783985
742,4.329992927
743,4.310343456
744,4.295831984
745,4.279871945
746,4.242895912
747,4.189045083
748,4.129808532
749,4.076689279
750,4.031077713
751,3.986824801
752,3.940659321
753,3.90782299
754,3.890379982
755,3.882283236
756,3.875018244
757,3.872188775
758,3.880525925
759,3.87159123
760,3.825126923
761,3.756971758
762,3.689546
763,3.635109293
764,3.588397354
765,3.546043577
766,3.50218487
767,3.45770146
768,3.434131623
769,3.429519801
770,3.415304561
771,3.3987144
772,3.382513785
773,3.376002402
774,3.38309941
775,3.398802316
776,3.432834258
777,3.495781067
778,3.585571715
779,3.695651477
780,3.811780174
781,3.919793437
782,4.025874827
783,4.150894887
784,4.292287547
785,4.410041958
786,4.472574858
787,4.496399754
788,4.499967772
789,4.487082264
790,4.457316153
791,4.41659612
792,4.384927391
793,4.364695018
794,4.347904302
795,4.322003539
796,4.287757937
797,4.250831051
798,4.206844769
799,4.161169
800,4.126614698
801,4.087725754
802,4.033829156
803,3.977536698
804,3.930759518
805,3.883538604
806,3.825441443
807,3.762704267
808,3.717382687
809,3.682023266
810,3.650780187
811,3.624086021
812,3.618307722
813,3.649163851
814,3.702270722
815,3.776982717
816,3.850160492
817,3.878780821
818,3.863828014
819,3.833561252
820,3.805336356
821,3.782679761
822,3.760941711
823,3.734751833
824,3.713739083
825,3.702201765
826,3.707001775
827,3.730957495
828,3.750222825
829,3.734927238
830,3.704706533
831,3.685792299
832,3.667878027
833,3.635403053
834,3.592953871
835,3.559102908
836,3.535072701
837,3.503884986
838,3.45999869
839,3.419640732
840,3.404775342
841,3.427833792
842,3.478498778
843,3.523054669
844,3.549491966
845,3.541068631
846,3.509100694
847,3.474316812
848,3.438735127
849,3.40198669
850,3.364967401
851,3.334058179
852,3.319584998
853,3.324802147
854,3.344719681
855,3.375013733
856,3.419148108
857,3.485291124
858,3.57890984
859,3.70982548
860,3.869129906
861,4.025105064
862,4.158889455
863,4.272608895
864,4.37252877
865,4.457537259
866,4.521418273
867,4.560978223
868,4.577156087
869,4.564683001
870,4.53989911
871,4.511726416
872,4.475937185
873,4.438655579
874,4.408200748
875,4.386526737
876,4.370786987
877,4.356305405
878,4.33974852
879,4.324873055
880,4.319186448
881,4.318817443
882,4.316645081
883,4.303088772
884,4.285105615
885,4.261899118
886,4.234691977
887,4.200725564
888,4.158376926
889,4.113957605
890,4.074204433
891,4.033675993
892,3.988648377
893,3.949654209
894,3.926269832
895,3.914156024
896,3.908311239
897,3.906021058
898,3.911498934
899,3.920830925
900,3.92191949
901,3.911389282
902,3.896889433
903,3.885570084
904,3.882010258
905,3.885311642
906,3.899215195
907,3.92455227
908,3.971409
909,4.045131828
910,4.139809175
911,4.237387028
912,4.320248142
913,4.369348216
914,4.382201213
915,4.350743318
916,4.290297936
917,4.226139985
918,4.163801897
919,4.113369492
920,4.07683747
921,4.032589494
922,3.98686119
923,3.942916113
924,3.892684003
925,3.841655485
926,3.804953539
927,3.772413639
928,3.737391984
929,3.691025281
930,3.640742132
931,3.613654695
932,3.597683517
933,3.579932413
934,3.553188484
935,3.513310263
936,3.464958469
937,3.418194821
938,3.378747236
939,3.347080575
940,3.320595594
941,3.293062496
942,3.264406831
943,3.246654181
944,3.238638156
945,3.223871793
946,3.204434833
947,3.192233697
948,3.194152041
949,3.195453862
950,3.193789647
951,3.203326256
952,3.261588188
953,3.399370733
954,3.598670047
955,3.796032316
956,3.96007833
957,4.08781658
958,4.176138645
959,4.231314708
960,4.257763682
961,4.253816801
962,4.220717539
963,4.170154879
964,4.114095144
965,4.045661702
966,3.971506056
967,3.897329608
968,3.830979293
969,3.786069115
970,3.752680908
971,3.722084345
972,3.6929527
973,3.662394337
974,3.634512502
975,3.617227855
976,3.619189576
977,3.653346768
978,3.723708039
979,3.815808249
980,3.892360791
981,3.934839052
982,3.968470457
983,4.004157422
984,4.014701632
985,3.99629731
986,3.959937119
987,3.919306065
988,3.877926116
989,3.838668421
990,3.806600603
991,3.777812369
992,3.750651999
993,3.718137124
994,3.680936931
995,3.655674339
996,3.649217149
997,3.659793238
998,3.680731131
999,3.719176556
1000,3.808326616
1001,3.940286213
1002,4.052758673
1003,4.105162403
1004,4.11147289
1005,4.086854869
1006,4.043740026
1007,4.009171153
1008,3.977107343
1009,3.942419117
1010,3.905420767
1011,3.872468807
1012,3.830543895
1013,3.780423915
1014,3.736311249
1015,3.704545459
1016,3.687265994
1017,3.693969327
1018,3.70211855
1019,3.680137769
1020,3.635908137
1021,3.584094279
1022,3.532160571
1023,3.494791516
1024,3.489267749
1025,3.517366798
1026,3.553987717
1027,3.580671854
1028,3.607549828
1029,3.642588425
1030,3.695513495
1031,3.770127947
1032,3.874313307
1033,3.994870473
1034,4.096773719
1035,4.155745315
1036,4.192260119
1037,4.224793594
1038,4.238486687
1039,4.232449055
1040,4.221811925
1041,4.219585784
1042,4.216829928
1043,4.20159076
1044,4.18037861
1045,4.160427092
1046,4.132511452
1047,4.094722995
1048,4.063094282
1049,4.038661133
1050,4.019286475
1051,4.002678591
1052,3.976110553
1053,3.92434928
1054,3.858224609
1055,3.787115835
1056,3.723565022
1057,3.670738419
1058,3.616720005
1059,3.555971447
1060,3.487223881
1061,3.415242937
1062,3.345637693
1063,3.292637698
1064,3.256500879
1065,3.232229556
1066,3.211537114
1067,3.184518777
1068,3.157253975
1069,3.140960535
1070,3.14361166
1071,3.16070241
1072,3.187744551
1073,3.231223924
1074,3.287837554
1075,3.344368416
1076,3.392456229
1077,3.432676672
1078,3.472264923
1079,3.508035313
1080,3.528454408
1081,3.538423495
1082,3.551546348
1083,3.562295862
1084,3.57474414
1085,3.589757735
1086,3.606119515
1087,3.627914135
1088,3.659164652
1089,3.698342156
1090,3.72800493
1091,3.746567524
1092,3.768118576
1093,3.792024392
1094,3.816880992
1095,3.844346435
1096,3.872383984
1097,3.903292854
1098,3.929624246
1099,3.946890577
1100,3.952255903
1101,3.948266344
1102,3.939798765
1103,3.929801311
1104,3.911517669
1105,3.880870866
1106,3.815890778
1107,3.749268209
1108,3.703692555
1109,3.672615593
1110,3.652896787
1111,3.636203947
1112,3.629272838
1113,3.638717258
1114,3.661994664
1115,3.696752087
1116,3.738422079
1117,3.779610204
1118,3.817221026
1119,3.853006288
1120,3.896873804
1121,3.946738121
1122,4.003104084
1123,4.057380135
1124,4.102253848
1125,4.138368193
1126,4.175826802
1127,4.214397179
1128,4.244011782
1129,4.252547984
1130,4.235353612
1131,4.204835169
1132,4.174785501
1133,4.131949123
1134,4.072086009
1135,4.009024161
1136,3.943371969
1137,3.878549026
1138,3.824302762
1139,3.794883584
1140,3.797995886
1141,3.810692565
1142,3.805551237
1143,3.781046262
1144,3.750427706
1145,3.720590462
1146,3.704955619
1147,3.702921963
1148,3.68247273
1149,3.639075548
1150,3.59423222
1151,3.561826469
1152,3.536504724
1153,3.50918704
1154,3.481189192
1155,3.46209931
1156,3.448433984
1157,3.437698096
1158,3.424905689
1159,3.411308192
1160,3.408345791
1161,3.403790094
1162,3.397413161
1163,3.398302463
1164,3.390511845
1165,3.383464082
1166,3.393319598
1167,3.41979864
1168,3.442756454
1169,3.460315355
1170,3.479917943
1171,3.489219896
1172,3.481751192
1173,3.473659147
1174,3.482016353
1175,3.498068284
1176,3.503573139
1177,3.514430699
1178,3.528196775
1179,3.533418301
1180,3.535354103
1181,3.538851068
1182,3.542609487
1183,3.547498273
1184,3.551113883
1185,3.557658334
1186,3.58262315
1187,3.640468377
1188,3.740172513
1189,3.86526217
1190,3.982346157
1191,4.076639271
1192,4.142173815
1193,4.195143133
1194,4.247914867
1195,4.300031421
1196,4.336980034
1197,4.354137496
1198,4.351548872
1199,4.332363116
1200,4.307009353
1201,4.286110926
1202,4.271382734
1203,4.261923064
1204,4.259116185
1205,4.233148498
1206,4.183623494
1207,4.125071605
1208,4.067961287
1209,4.011087425
1210,3.956092856
1211,3.909188544
1212,3.880146979
1213,3.874040192
1214,3.887072818
1215,3.906512921
1216,3.916233811
1217,3.913894155
1218,3.902290549
1219,3.883920664
1220,3.856000626
1221,3.805702231
1222,3.723302745
1223,3.629627222
1224,3.552473614
1225,3.489181418
1226,3.432480805
1227,3.370631595
1228,3.307921998
1229,3.257988687
1230,3.228008676
1231,3.215620859
1232,3.209268322
1233,3.20629219
1234,3.200660526
1235,3.191815794
1236,3.182620546
1237,3.172237875
1238,3.171068677
1239,3.196829813
1240,3.263926169
1241,3.374655383
1242,3.524775698
1243,3.70282368
1244,3.884234495
1245,4.036221975
1246,4.141653604
1247,4.213333809
1248,4.262204985
1249,4.286955211
1250,4.26989569
1251,4.226809386
1252,4.176791079
1253,4.113182304
1254,4.053179453
1255,4.01291845
1256,3.993608797
1257,3.975455334
1258,3.947114537
1259,3.909288939
1260,3.870062749
1261,3.81766944
1262,3.758784694
1263,3.703673139
1264,3.658134895
1265,3.616588498
1266,3.573517328
1267,3.539434918
1268,3.523661679
1269,3.514485137
1270,3.505145916
1271,3.49677096
1272,3.494584525
1273,3.50345299
1274,3.526272551
1275,3.566788548
1276,3.628512376
1277,3.705855462
1278,3.783558775
1279,3.853853436
1280,3.927210353
1281,4.005541259
1282,4.082788696
1283,4.123632431
1284,4.118374071
1285,4.084572836
1286,4.051178096
1287,4.035536188
1288,4.016791077
1289,3.993358862
1290,3.96350757
1291,3.930558479
1292,3.898659169
1293,3.868018474
1294,3.835022376
1295,3.800368926
1296,3.779198377
1297,3.76457427
1298,3.740439314
1299,3.699691526
1300,3.653097376
1301,3.606508436
1302,3.560104224
1303,3.530706919
1304,3.510116606
1305,3.486967505
1306,3.461536658
1307,3.439017165
1308,3.425619606
1309,3.426482479
1310,3.448819853
1311,3.489726194
1312,3.533442406
1313,3.581975626
1314,3.632041455
1315,3.675904307
1316,3.718445586
1317,3.768963088
1318,3.823817815
1319,3.872285385
1320,3.904271797
1321,3.925576003
1322,3.943096564
1323,3.958453419
1324,3.969448584
1325,3.973892049
1326,3.978494525
1327,3.987005772
1328,4.002430079
1329,4.016769858
1330,4.030060315
1331,4.035150934
1332,4.030653489
1333,4.013282046
1334,3.978199308
1335,3.926502265
1336,3.86071145
1337,3.785254467
1338,3.711716198
1339,3.644671062
1340,3.573478306
1341,3.494284672
1342,3.415792067
1343,3.351773971
1344,3.296941257
1345,3.257572749
1346,3.233411059
1347,3.219671698
1348,3.212868502
1349,3.211074484
1350,3.213229936
1351,3.222907302
1352,3.242708235
1353,3.272987428
1354,3.318686039
1355,3.378290672
1356,3.445603209
1357,3.521267275
1358,3.60422991
1359,3.676081509
1360,3.717431184
1361,3.746079264
1362,3.774132537
1363,3.80802614
1364,3.840688981
1365,3.890011117
1366,3.928616029
1367,3.960226875
1368,3.980531308
1369,3.986520622
1370,3.998475971
1371,4.024800361
1372,4.055766907
1373,4.075926042
1374,4.07368961
1375,4.041783355
1376,3.783863627
1377,3.725400946
1378,3.693326489
1379,3.673094704
1380,3.658416857
1381,3.64573886
1382,3.625828258
1383,3.595522214
1384,3.564782509
1385,3.54040876
1386,3.51710213
1387,3.493237879
1388,3.474809549
1389,3.459352893
1390,3.449030954
1391,3.440538828
1392,3.433070359
1393,3.43064522
1394,3.434373267
1395,3.446674901
1396,3.467567726
1397,3.500529971
1398,3.546015412
1399,3.589513631
1400,3.631427321
1401,3.672540658
1402,3.716197172
1403,3.76065269
1404,3.795167444
1405,3.819736865
1406,3.837774229
1407,3.848101763
1408,3.85222187
1409,3.844434313
1410,3.820775955
1411,3.794233944
1412,3.77596018
1413,3.767817614
1414,3.764865651
1415,3.820019366
1416,3.862169527
1417,3.812725551
1418,3.765861472
1419,3.723855351
1420,3.676640869
1421,3.624707355
1422,3.564025895
1423,3.495006762
1424,3.432417063
1425,3.379982422
1426,3.334787265
1427,3.299878719
1428,3.275502798
1429,3.259361488
1430,3.247244502
1431,3.237285847
1432,3.231317914
1433,3.226152108
1434,3.224232197
1435,3.221344935
1436,3.216335905
1437,3.212495192
1438,3.210618788
1439,3.209998615
1440,3.20994466
1441,3.208968435
1442,3.207809443
1443,3.202255098
1444,3.198003277
1445,3.200717152
1446,3.220009084
1447,3.268829489
1448,3.35605137
1449,3.478527643
1450,3.626575647
1451,3.784729627
1452,3.927926485
1453,4.039554557
1454,4.11818376
1455,4.166124345
1456,4.182117867
1457,4.174071302
1458,4.154047902
1459,4.126962216
1460,4.088693018
1461,4.034893818
1462,3.966876454
1463,3.893360633
1464,3.821804667
1465,3.750940454
1466,3.682966467
1467,3.623818513
1468,3.570239409
1469,3.520054071
1470,3.472931061
1471,3.433336794
1472,3.399578199
1473,3.368906377
1474,3.342594955
1475,3.320530935
1476,3.304853952
1477,3.299088817
1478,3.305037235
1479,3.311370837
1480,3.307620242
1481,3.2978013
1482,3.288282183
1483,3.277334173
1484,3.270529314
1485,3.268832131
1486,3.26833369
1487,3.276702181
1488,3.321720065
1489,3.420266371
1490,3.558648631
1491,3.713921629
1492,3.865332471
1493,3.995442165
1494,4.094946341
1495,4.159978583
1496,4.194466308
1497,4.206707191
1498,4.202116259
1499,4.188623756
1500,4.168236688
1501,4.147043706
1502,4.124845703
1503,4.096890067
1504,4.054706906
1505,3.999103915
1506,3.939343753
1507,3.878958343
1508,3.818867996
1509,3.758771369
1510,3.70784664
1511,3.67188042
1512,3.646176659
1513,3.627218828
1514,3.613512069
1515,3.603874799
1516,3.601506324
1517,3.60521997
1518,3.608412486
1519,3.616483041
1520,3.636324671
1521,3.668770533
1522,3.718290517
1523,3.782654632
1524,3.853965988
1525,3.923945387
1526,3.996197232
1527,4.075017589
1528,4.154071965
1529,4.220824525
1530,4.261965914
1531,4.280811991
1532,4.29015334
1533,4.294761171
1534,4.29693262
1535,4.293087837
1536,4.275894874
1537,4.241177793
1538,4.193258718
1539,4.136006506
1540,4.074335516
1541,4.016070883
1542,3.966262473
1543,3.922874792
1544,3.88378582
1545,3.848791275
1546,3.819404453
1547,3.797683992
1548,3.780404952
1549,3.762935685
1550,3.747142981
1551,3.735650319
1552,3.725072793
1553,3.713212867
1554,3.70099952
1555,3.689952084
1556,3.678842026
1557,3.666312817
1558,3.649889483
1559,3.632319623
1560,3.614429529
1561,3.597958095
1562,3.58373744
1563,3.572081939
1564,3.567104892
1565,3.572064549
1566,3.586868266
1567,3.61054618
1568,3.642636938
1569,3.684406301
1570,3.739317314
1571,3.807989382
1572,3.883863195
1573,3.956965845
1574,4.021556484
1575,4.073625216
1576,4.110083157
1577,4.127049476
1578,4.117255809
1579,4.090535257
1580,4.05417522
1581,4.01270521
1582,3.968709364
1583,3.92445227
1584,3.886842932
1585,3.852108058
1586,3.819543293
1587,3.791862848
1588,3.770439678
1589,3.754030469
1590,3.739797758
1591,3.733194339
1592,3.730132947
1593,3.728171395
1594,3.724838191
1595,3.717106696
1596,3.704703205
1597,3.690942496
1598,3.675132343
1599,3.656810077
1600,3.636393637
1601,3.612832938
1602,3.586091181
1603,3.558401665
1604,3.530780361
1605,3.499737201
1606,3.470525059
1607,3.446434017
1608,3.428043422
1609,3.415743228
1610,3.41218159
1611,3.420656724
1612,3.436604385
1613,3.45868688
1614,3.485686503
1615,3.516219491
1616,3.546854941
1617,3.574536892
1618,3.59867437
1619,3.619813627
1620,3.64087655
1621,3.659486376
1622,3.674169889
1623,3.687173956
1624,3.699202513
1625,3.705756854
1626,3.707418325
1627,3.701573315
1628,3.689915029
1629,3.676184373
1630,3.66353362
1631,3.651509899
1632,3.643349699
1633,3.643676617
1634,3.65054382
1635,3.660028061
1636,3.66537302
1637,3.660974657
1638,3.642014347
1639,3.614353254
1640,3.581727866
1641,3.547037332
1642,3.516648571
1643,3.49515057
1644,3.485630997
1645,3.488707528
1646,3.502086234
1647,3.524141309
1648,3.553218793
1649,3.59573702
1650,3.655695851
1651,3.726108839
1652,3.800596905
1653,3.877853836
1654,3.951160389
1655,4.011200743
1656,4.062599584
1657,4.105176311
1658,4.134048256
1659,4.145428335
1660,4.142700495
1661,4.130428902
1662,4.114042495
1663,4.096365904
1664,4.080400569
1665,4.069416126
1666,4.060032942
1667,4.046502161
1668,4.024619801
1669,3.994607987
1670,3.957034343
1671,3.908378165
1672,3.85511314
1673,3.80507069
1674,3.755871825
1675,3.710001952
1676,3.671161733
1677,3.640642922
1678,3.6172103
1679,3.595480692
1680,3.57604113
1681,3.561177854
1682,3.549875454
1683,3.542285721
1684,3.537551185
1685,3.534860738
1686,3.53663787
1687,3.544195185
1688,3.554701464
1689,3.569945887
1690,3.588728353
1691,3.608514726
1692,3.628587941
1693,3.651018037
1694,3.671761176
1695,3.689682352
1696,3.707852953
1697,3.732121915
1698,3.767067928
1699,3.815964419
1700,3.87902616
1701,3.945951797
1702,3.998122197
1703,4.026698774
1704,4.036916797
1705,4.031660141
1706,4.01471423
1707,3.984694374
1708,3.946623781
1709,3.905066078
1710,3.861719017
1711,3.821847767
1712,3.785248408
1713,3.748184269
1714,3.710865494
1715,3.668667799
1716,3.627383582
1717,3.592745546
1718,3.56494871
1719,3.548062788
1720,3.54625691
1721,3.560118393
1722,3.58618452
1723,3.620679178
1724,3.660201157
1725,3.696843688
1726,3.723787563
1727,3.738273637
1728,3.740936277
1729,3.735069599
1730,3.723734962
1731,3.705516707
1732,3.68269871
1733,3.659911262
1734,3.639915188
1735,3.624336032
1736,3.61284846
1737,3.607661151
1738,3.612058413
1739,3.628771234
1740,3.657541243
1741,3.696169251
1742,3.738096041
1743,3.778876408
1744,3.816339042
1745,3.848932923
1746,3.874088467
1747,3.889084259
1748,3.893872816
1749,3.888940597
1750,3.874278927
1751,3.850687066
1752,3.822462411
1753,3.797473342
1754,3.772183003
1755,3.746154966
1756,3.720833284
1757,3.696297374
1758,3.670633233
1759,3.644111752
1760,3.61690263
1761,3.587918241
1762,3.557689815
1763,3.527794808
1764,3.497466891
1765,3.468126506
1766,3.444903103
1767,3.424938257
1768,3.410142027
1769,3.403231577
1770,3.404358492
1771,3.411435821
1772,3.420876605
1773,3.430913189
1774,3.442635476
1775,3.456941416
1776,3.472399666
1777,3.488318707
1778,3.504473543
1779,3.522839513
1780,3.539834202
1781,3.557416647
1782,3.577727318
1783,3.599617248
1784,3.622244724
1785,3.646255484
1786,3.671627634
1787,3.697118961
1788,3.723179904
1789,3.749621097
1790,3.780171746
1791,3.814635878
1792,3.851734655
1793,3.890554193
1794,3.929259734
1795,3.963805271
1796,3.98936849
1797,4.004515692
1798,4.005095444
1799,3.987749968
1800,3.949379832
1801,3.903406139
1802,3.86179591
1803,3.819875453
1804,3.774453974
1805,3.729174951
1806,3.682427609
1807,3.635194024
1808,3.590690289
1809,3.553110779
1810,3.52192327
1811,3.49702316
1812,3.481023005
1813,3.47340887
1814,3.471938567
1815,3.472782575
1816,3.473484653
1817,3.475367933
1818,3.477601803
1819,3.480003402
1820,3.487045544
1821,3.496224447
1822,3.503783652
1823,3.506966931
1824,3.505452114
1825,3.502831541
1826,3.50131253
1827,3.5002689
1828,3.504806563
1829,3.514650121
1830,3.525386735
1831,3.541227458
1832,3.563304945
1833,3.587734981
1834,3.609445527
1835,3.625628349
1836,3.636312065
1837,3.641944753
1838,3.641966221
1839,3.634262765
1840,3.621492985
1841,3.607728908
1842,3.596729147
1843,3.585816065
1844,3.574273672
1845,3.565086214
1846,3.560205718
1847,3.558478471
1848,3.556422863
1849,3.555925344
1850,3.558741239
1851,3.56956116
1852,3.585667932
1853,3.605111073
1854,3.629254728
1855,3.66019794
1856,3.696420785
1857,3.732872711
1858,3.765820981
1859,3.79163964
1860,3.809760475
1861,3.819893466
1862,3.819834729
1863,3.807833669
1864,3.784689303
1865,3.759521746
1866,3.735319234
1867,3.71356947
1868,3.694736041
1869,3.678827521
1870,3.667033221
1871,3.657824664
1872,3.648397902
1873,3.636830552
1874,3.624224139
1875,3.60628522
1876,3.588186145
1877,3.572281747
1878,3.557552414
1879,3.54409306
1880,3.532110787
1881,3.521127878
1882,3.509867725
1883,3.4967797
1884,3.483013259
1885,3.469622281
1886,3.457759211
1887,3.446402015
1888,3.438952901
1889,3.436752265
1890,3.437806445
1891,3.443013475
1892,3.454423133
1893,3.475799465
1894,3.506084714
1895,3.547489408
1896,3.596336551
1897,3.648386058
1898,3.703829237
1899,3.769281712
1900,3.854727262
1901,3.93893792
1902,4.005755945
1903,4.043116738
1904,4.051191598
1905,4.033057523
1906,4.001852056
1907,3.964108541
1908,3.927222209
1909,3.896591898
1910,3.868454099
1911,3.840923138
1912,3.81392353
1913,3.783528179
1914,3.752553342
1915,3.725443618
1916,3.70146358
1917,3.681574368
1918,3.660170438
1919,3.634483971
1920,3.610374729
1921,3.588079644
1922,3.564665007
1923,3.544043453
1924,3.527413119
1925,3.512384666
1926,3.497236125
1927,3.478250808
1928,3.457332317
1929,3.437699809
1930,3.417950676
1931,3.397725332
1932,3.37969145
1933,3.36231538
1934,3.346895697
1935,3.333165418
1936,3.32678359
1937,3.333146625
1938,3.356043598
1939,3.398467173
1940,3.469703514
1941,3.5636851
1942,3.660118373
1943,3.74389619
1944,3.808692631
1945,3.854492808
1946,3.881583548
1947,3.892433431
1948,3.892322016
1949,3.884233823
1950,3.869403365
1951,3.853089168
1952,3.835073889
1953,3.818476385
1954,3.802969376
1955,3.785575635
1956,3.767166961
1957,3.749698216
1958,3.734122268
1959,3.719405876
1960,3.704091924
1961,3.689432982
1962,3.675282924
1963,3.66104228
1964,3.649230572
1965,3.639328193
1966,3.629828808
1967,3.619259864
1968,3.6065491
1969,3.590909363
1970,3.571762149
1971,3.549306159
1972,3.525140645
1973,3.497513373
1974,3.468853725
1975,3.440563503
1976,3.413921733
1977,3.388060709
1978,3.362224718
1979,3.337589613
1980,3.31543815
1981,3.297025283
1982,3.283543677
1983,3.276645927
1984,3.281347763
1985,3.29549663
1986,3.31519172
1987,3.332742624
1988,3.34780962
1989,3.36168383
1990,3.375499373
1991,3.390712813
1992,3.408125935
1993,3.428966559
1994,3.455922588
1995,3.491573328
1996,3.536861536
1997,3.588082516
1998,3.638855683
1999,3.684100991
2000,3.726017076
2001,3.763815778
2002,3.793259387
2003,3.813025415
2004,3.820825202
2005,3.817817014
2006,3.808812103
2007,3.794806156
2008,3.775773953
2009,3.748198699
2010,3.720637145
2011,3.69413483
2012,3.666994095
2013,3.640753371
2014,3.61432061
2015,3.591836092
2016,3.574645386
2017,3.560684147
2018,3.541767696
2019,3.512848699
2020,3.468817549
2021,3.419439373
2022,3.369724136
2023,3.331235074
2024,3.30238376
2025,3.279576624
2026,3.266048308
2027,3.263391332
2028,3.272064796
2029,3.284365507
2030,3.30017697
2031,3.319476782
2032,3.348498904
2033,3.388863765
2034,3.430184648
2035,3.471854934
2036,3.512219742
2037,3.550471757
2038,3.584479406
2039,3.613428064
2040,3.640494615
2041,3.663987055
2042,3.682123873
2043,3.695378837
2044,3.702445173
2045,3.702725579
2046,3.698343138
2047,3.689359231
2048,3.675283166
2049,3.657700677
2050,3.636909375
2051,3.611611197
2052,3.582968212
2053,3.560652021
2054,3.545349758
2055,3.535286346
2056,3.530528164
2057,3.530986764
2058,3.535805446
2059,3.547242566
2060,3.570354502
2061,3.600665213
2062,3.636791274
2063,3.674056016
2064,3.710842668
2065,3.747238208
2066,3.784620907
2067,3.826765139
2068,3.878612728
2069,3.935761563
2070,3.990011815
2071,4.038810003
2072,4.080037351
2073,4.114104178
2074,4.141037006
2075,4.155867203
2076,4.155038897
2077,4.14016873
2078,4.117166344
2079,4.090637139
2080,4.061303786
2081,4.031512961
2082,4.004446537
2083,3.980732452
2084,3.964296928
2085,3.956057365
2086,3.946602139
2087,3.932470548
2088,3.913202842
2089,3.887713698
2090,3.85639875
2091,3.823773671
2092,3.790287892
2093,3.758803426
2094,3.729551118
2095,3.702055011
2096,3.675742862
2097,3.651737404
2098,3.630170052
2099,3.613738753
2100,3.599329937
2101,3.584518011
2102,3.569689127
2103,3.556450148
2104,3.549458951
2105,3.546273273
2106,3.546580762
2107,3.549094285
2108,3.549955218
2109,3.546855097
2110,3.54342339
2111,3.541281091
2112,3.537571697
2113,3.529566826
2114,3.515947679
2115,3.512104592
2116,3.538318093
2117,3.585289955
2118,3.638917491
2119,3.671760178
2120,3.655728648
2121,3.578010315
2122,3.464411338
2123,3.356382346
2124,3.294902729
2125,3.265504616
2126,3.248539078
2127,3.243192746
2128,3.252108559
2129,3.275137536
2130,3.317766014
2131,3.375725634
2132,3.450207274
2133,3.549840865
2134,3.677007365
2135,3.808862377
2136,3.929949413
2137,4.031063774
2138,4.099888607
2139,4.145497929
2140,4.165323693
2141,4.153405539
2142,4.120535337
2143,4.081740724
2144,4.041228201
2145,4.01066302
2146,3.981849496
2147,3.948178633
2148,3.909186989
2149,3.86636446
2150,3.82300196
2151,3.783602804
2152,3.752002039
2153,3.72800829
2154,3.706402948
2155,3.687960395
2156,3.669007101
2157,3.640621999
2158,3.601175068
2159,3.558075683
2160,3.51471814
2161,3.472550689
2162,3.432362286
2163,3.398432629
2164,3.372926696
2165,3.35615416
2166,3.349656261
2167,3.351701683
2168,3.360073394
2169,3.374863607
2170,3.397207674
2171,3.42599022
2172,3.455913597
2173,3.486926168
2174,3.517954997
2175,3.548030216
2176,3.58165324
2177,3.617397353
2178,3.648999243
2179,3.673145931
2180,3.695604906
2181,3.720052968
2182,3.74062567
2183,3.757002617
2184,3.768933659
2185,3.773175813
2186,3.770470513
2187,3.761825587
2188,3.740279944
2189,3.707281902
2190,3.667949136
2191,3.628027933
2192,3.589987504
2193,3.556555281
2194,3.529102451
2195,3.512927742
2196,3.502748099
2197,3.495691326
2198,3.487676264
2199,3.479525178
2200,3.470415557
2201,3.459207075
2202,3.445203108
2203,3.42824928
2204,3.409019822
2205,3.388369184
2206,3.36979764
2207,3.356348589
2208,3.348086719
2209,3.34389331
2210,3.342432157
2211,3.342396922
2212,3.343652707
2213,3.346590764
2214,3.352393025
2215,3.364076912
2216,3.381072957
2217,3.405717845
2218,3.444810069
2219,3.499657324
2220,3.568176275
2221,3.63878093
2222,3.704243193
2223,3.758884564
2224,3.800316557
2225,3.825000979
2226,3.835697589
2227,3.832976732
2228,3.822191661
2229,3.80614352
2230,3.782558701
2231,3.752129061
2232,3.715849558
2233,3.674174747
2234,3.627330264
2235,3.57040051
2236,3.503504968
2237,3.42990618
2238,3.361853693
2239,3.307595102
2240,3.263673725
2241,3.230504358
2242,3.208701123
2243,3.195473873
2244,3.190432844
2245,3.196908687
2246,3.211657905
2247,3.233467542
2248,3.260678822
2249,3.2876506
2250,3.315961605
2251,3.344771277
2252,3.377881206
2253,3.423570956
2254,3.482045817
2255,3.544536715
2256,3.605543542
2257,3.664976944
2258,3.722577547
2259,3.773430873
2260,3.812736368
2261,3.841347729
2262,3.859399783
2263,3.866593467
2264,3.866540023
2265,3.866260094
2266,3.863469126
2267,3.858397236
2268,3.849628378
2269,3.826007026
2270,3.788949346
2271,3.745121383
2272,3.697138885
2273,3.645882391
2274,3.591657641
2275,3.537192004
2276,3.48336369
2277,3.435109542
2278,3.397562406
2279,3.366373889
2280,3.338558802
2281,3.317616687
2282,3.302615812
2283,3.296537695
2284,3.297339504
2285,3.30197822
2286,3.310295154
2287,3.325519885
2288,3.346177359
2289,3.373218676
2290,3.407105831
2291,3.449025566
2292,3.493554213
2293,3.53105593
2294,3.565526185
2295,3.592651366
2296,3.61083399
2297,3.624149855
2298,3.633614438
2299,3.639269568
2300,3.641498564
2301,3.638144142
2302,3.630700327
2303,3.621751816
2304,3.608353168
2305,3.595667336
2306,3.588129108
2307,3.580447738
2308,3.576935159
2309,3.574434879
2310,3.568493844
2311,3.556806117
2312,3.538400946
2313,3.509568692
2314,3.469708087
2315,3.420959142
2316,3.373703429
2317,3.330867573
2318,3.292303597
2319,3.260543582
2320,3.236191847
2321,3.220551632
2322,3.209510463
2323,3.204425946
2324,3.206122566
2325,3.218888724
2326,3.249040858
2327,3.299690937
2328,3.365403462
2329,3.437222313
2330,3.507986164
2331,3.572527316
2332,3.628531313
2333,3.674193926
2334,3.709836149
2335,3.740792902
2336,3.763712495
2337,3.776073653
2338,3.777522316
2339,3.768271358
2340,3.754239628
2341,3.738222473
2342,3.722667102
2343,3.712098618
2344,3.705178277
2345,3.700872247
2346,3.699258232
2347,3.697166171
2348,3.689423896
2349,3.675928227
2350,3.654593997
2351,3.626622002
2352,3.594135331
2353,3.559688225
2354,3.521392358
2355,3.478526286
2356,3.430471794
2357,3.382328767
2358,3.338753005
2359,3.302562833
2360,3.276900215
2361,3.259850426
2362,3.24723426
2363,3.237963382
2364,3.23518633
2365,3.239307946
2366,3.250573026
2367,3.271064624
2368,3.298930113
2369,3.333297341
2370,3.371988601
2371,3.409560242
2372,3.442842436
2373,3.47171762
2374,3.493480532
2375,3.508862068
2376,3.519500337
2377,3.525679164
2378,3.529683692
2379,3.533248385
2380,3.536039535
2381,3.538623306
2382,3.538690532
2383,3.535460654
2384,3.529483786
2385,3.518607799
2386,3.501643937
2387,3.478643636
2388,3.454808686
2389,3.42835183
2390,3.401332897
2391,3.376447813
2392,3.354028993
2393,3.332888306
2394,3.312839133
2395,3.295216678
2396,3.281259191
2397,3.271506309
2398,3.265041594
2399,3.265454573
2400,3.26949851
2401,3.280810971
2402,3.299213053
2403,3.324411606
2404,3.357441374
2405,3.393706552
2406,3.429260587
2407,3.466565091
2408,3.507000075
2409,3.557856138
2410,3.630370214
2411,3.724728945
2412,3.828676703
2413,3.923435743
2414,3.99881858
2415,4.052696568
2416,4.086242979
2417,4.102469764
2418,4.109350038
2419,4.104689825
2420,4.092742028
2421,4.075490813
2422,4.055384644
2423,4.032860684
2424,4.009989697
2425,3.986191917
2426,3.96250165
2427,3.933232944
2428,3.89103944
2429,3.84594552
2430,3.805479344
2431,3.769316649
2432,3.733699422
2433,3.694591837
2434,3.651566136
2435,3.607536325
2436,3.557456622
2437,3.507140463
2438,3.456500664
2439,3.408134126
2440,3.360241605
2441,3.322244347
2442,3.293366496
2443,3.271098324
2444,3.256653392
2445,3.249447076
2446,3.246037018
2447,3.245620611
2448,3.248457136
2449,3.254312635
2450,3.266816143
2451,3.290237975
2452,3.32468873
2453,3.372993162
2454,3.433213346
2455,3.499064778
2456,3.56577043
2457,3.628615011
2458,3.684183285
2459,3.733893256
2460,3.782445305
2461,3.833060983
2462,3.885255764
2463,3.934231472
2464,3.97926614
2465,4.012709784
2466,4.030305978
2467,4.027039914
2468,3.997317697
2469,3.94894763
2470,3.891346584
2471,3.826520709
2472,3.760541897
2473,3.693634933
2474,3.628599391
2475,3.566144608
2476,3.507904881
2477,3.455544189
2478,3.408232194
2479,3.368768851
2480,3.337533234
2481,3.321495412
2482,3.318507377
2483,3.324142833
2484,3.337758109
2485,3.360066822
2486,3.390872587
2487,3.424842154
2488,3.459778379
2489,3.494170854
2490,3.532870282
2491,3.580056743
2492,3.640000414
2493,3.722353429
2494,3.826441588
2495,3.931558803
2496,4.016771363
2497,4.075533856
2498,4.112745569
2499,4.139054566
2500,4.157606492
2501,4.157877572
2502,4.134101309
2503,4.096624742
2504,4.071766345
2505,4.065286215
2506,4.060646103
2507,4.046636052
2508,4.023036293
2509,3.988584297
2510,3.944737772
2511,3.891507376
2512,3.83850841
2513,3.790366084
2514,3.749909025
2515,3.715458122
2516,3.673460265
2517,3.614965696
2518,3.547138594
2519,3.479669321
2520,3.42311536
2521,3.373997165
2522,3.322124252
2523,3.266640318
2524,3.210149656
2525,3.1603144
2526,3.121372785
2527,3.099251768
2528,3.099874586
2529,3.115640664
2530,3.142156113
2531,3.17255164
2532,3.202667318
2533,3.230867281
2534,3.258773032
2535,3.289959153
2536,3.324483179
2537,3.360477654
2538,3.395045394
2539,3.423092831
2540,3.442960041
2541,3.458726425
2542,3.475293289
2543,3.488132284
2544,3.499153705
2545,3.505079669
2546,3.508909454
2547,3.514182779
2548,3.511771945
2549,3.50611002
2550,3.494103192
2551,3.476533302
2552,3.457125095
2553,3.436432895
2554,3.412524899
2555,3.38569223
2556,3.359293009
2557,3.335297839
2558,3.314012327
2559,3.294751428
2560,3.276530793
2561,3.255331548
2562,3.231540644
2563,3.207127491
2564,3.186709736
2565,3.173665748
2566,3.167022221
2567,3.165993335
2568,3.170758415
2569,3.179109724
2570,3.191180053
2571,3.205863879
2572,3.222964791
2573,3.247472104
2574,3.274842171
2575,3.304470544
2576,3.3358512
2577,3.370400695
2578,3.409701399
2579,3.453520092
2580,3.496110017
2581,3.535351983
2582,3.571339748
2583,3.607186577
2584,3.6434378
2585,3.678744545
2586,3.711130287
2587,3.738154893
2588,3.757340065
2589,3.769070397
2590,3.772895639
2591,3.768633466
2592,3.756661154
2593,3.738054745
2594,3.716987129
2595,3.693757969
2596,3.669729525
2597,3.645530847
2598,3.620505445
2599,3.593056468
2600,3.564418017
2601,3.534683505
2602,3.505397728
2603,3.477673847
2604,3.451484003
2605,3.425148893
2606,3.401294047
2607,3.378355309
2608,3.354053213
2609,3.327619267
2610,3.300263071
2611,3.273575292
2612,3.252563297
2613,3.235809691
2614,3.223230357
2615,3.214453559
2616,3.209140083
2617,3.211327797
2618,3.21798829
2619,3.225944075
2620,3.235913471
2621,3.248955643
2622,3.263757804
2623,3.281737882
2624,3.30077925
2625,3.321376911
2626,3.342005063
2627,3.362017032
2628,3.378834219
2629,3.395577434
2630,3.412258283
2631,3.428543986
2632,3.445599171
2633,3.464522516
2634,3.486360474
2635,3.509695839
2636,3.535016009
2637,3.559288876
2638,3.582216637
2639,3.601503225
2640,3.619632916
2641,3.636365586
2642,3.652704945
2643,3.668753452
2644,3.683217747
2645,3.69710596
2646,3.709993379
2647,3.718551613
2648,3.724634708
2649,3.723489091
2650,3.717584899
2651,3.706316273
2652,3.686139849
2653,3.662609446
2654,3.633087448
2655,3.599390662
2656,3.562993111
2657,3.521664888
2658,3.480262649
2659,3.438851405
2660,3.394573598
2661,3.355016197
2662,3.322905863
2663,3.294796753
2664,3.263907482
2665,3.232987246
2666,3.203898409
2667,3.178278301
2668,3.157524911
2669,3.144049598
2670,3.13409958
2671,3.126778143
2672,3.122641088
2673,3.122951904
2674,3.124472971
2675,3.127572914
2676,3.132271353
2677,3.137329928
2678,3.143382414
2679,3.15063328
2680,3.15905798
2681,3.168565853
2682,3.181221295
2683,3.194287043
2684,3.207271975
2685,3.220614337
2686,3.236334988
2687,3.254917439
2688,3.275743482
2689,3.299143586
2690,3.325065828
2691,3.350908327
2692,3.380060428
2693,3.412035032
2694,3.447250073
2695,3.48663117
2696,3.527465669
2697,3.56493154
2698,3.598861112
2699,3.628756866
2700,3.651835587
2701,3.67047703
2702,3.684654323
2703,3.693226002
2704,3.695090741
2705,3.691036677
2706,3.682824799
2707,3.672397869
2708,3.660868188
2709,3.648876679
2710,3.637185827
2711,3.626180822
2712,3.616084825
2713,3.607085778
2714,3.599659593
2715,3.595479494
2716,3.596396512
2717,3.602876839
2718,3.61453873
2719,3.629722277
2720,3.645746013